1;35;23067691;7996;ESCOLA MUNICIPAL CRISTO REDENTOR - EF;AV. PASTEUR, 372;60335-000;1;-;0;0;0;0;1;1;1;548997.19;9590001.34
2;12;23263296;7254;ESCOLA MUNICIPAL AGOSTINHO MOREIRA E SILVA - EI / EF;RUA PERI, 20;60331-270;1;3237-4388;0;1;1;1;0;1;1;545977.53;9590962.53
3;35;23264144;7255;ESCOLA MUNICIPAL ALDEÍDES RÉGIS - EI / EF;RUA WALTER POMPEU, 800;60337-120;1;3105-1058 / 3131-8057 ;0;1;1;1;0;1;0;547796.18;9589767.37
4;121;23215267;7227;ESCOLA MUNICIPAL ANTÔNIO CORREIA LIMA - EF;RUA HERMES PARAÍBA, 934;60347-155;1;3452-6648 / 3452-6649 ;0;0;0;0;1;1;1;545279.59;9589621.22
5;35;23184221;7052;ESCOLA MUNICIPAL ANTÔNIO MENDES - EI / EF;RUA DONA MENDINA, 682;60337-385;1;3452-6652;0;0;0;1;0;1;0;547739.84;9590056.15
6;12;23066520;7115;ESCOLA MUNICIPAL CASIMIRO JOSÉ DE LIMA FILHO - EI / EF;AV. FRANCISCO SÁ, 6449;60330-878;1;3237-4884 / 3452-5878 ;0;1;1;1;0;1;0;546393.27;9589979.8
7;121;23066628;7294;ESCOLA MUNICIPAL CASTELO DE CASTRO - EI / EF;RUA 43, 1531,CONJUNTO DOS BANCÁRIOS;60348-340;1;3452-6656 / 3452-6693 ;0;0;0;1;0;1;0;544383.59;9589025.87
8;12;23271507;7265;ESCOLA MUNICIPAL DOIS DE DEZEMBRO - EI / EF;RUA ARAQUÉM, 860;60331-120;1;3105-1060 / 2508 ;0;0;0;1;0;1;0;546574.94;9590003.27
9;12;23255668;7051;ESCOLA MUNICIPAL DOM ANTÔNIO BATISTA DE FRAGOSO - EF;AV. FRANCISCO SÁ, 7945;60330-875;1;3452-5874;0;0;0;0;1;1;0;545567.47;9590502.67
10;47;23234300;7082;ESCOLA MUNICIPAL DOM HELDER CÂMARA - EI / EF;RUA FREI ODILON, 264 B;60336-190;1;3282-3912 / 3452-6638 / 6640;0;1;1;1;0;1;0;547404.41;9588176.33
11;77;23069937;6875;ESCOLA MUNICIPAL FAUSTINO DE ALBUQUERQUE - EI / EF;RUA AMARO CAVALCANTE, 221;60326-130;1;3452-9165;0;1;1;1;0;1;0;549490.95;9588347.92
12;12;23255870;7084;ESCOLA MUNICIPAL FRANCISCO DAS CHAGAS DE FARIAS - EF;RUA DES. HERMES PARAÍBA, 135;60330-142;1;-;0;0;0;1;0;1;0;546062.53;9589421.58
13;12;23070021;6816;ESCOLA MUNICIPAL FRANCISCO DOMINGOS DA SILVA -  EF;AV. PRESIDENTE CASTELO BRANCO, 4707;60312-060;1;3452-6689;0;0;0;0;1;1;1;547236.12;9590288.44
14;121;23257873;7158;ESCOLA MUNICIPAL FRANCISCO EDILSON PINHEIRO - EF;RUA N, 35;60349-160;1;3452-5840 / 5841 ;0;0;0;1;0;1;0;544063.27;9588976.79
15;47;23071168;6962;ESCOLA MUNICIPAL FRANCISCO SILVA CAVALCANTE - EF;AV. CONSELHEIRO LAFAYETTE, 205;60340-192;1;3452-6662 / 6663 ;0;0;0;0;1;1;0;546647.8;9588963.72
16;45;23068892;7410;ESCOLA MUNICIPAL FREI LAURO SCHWARTZ - EF;RUA ANTONIO POMPEU, 2005;60040-001;1;3452-6392;0;0;0;1;1;1;0;550924.36;9587472.53
17;112;23070870;6923;ESCOLA MUNICIPAL GUSTAVO BARROSO - EI / EF;RUA ERETIDES MARTINS, 26;60320-350;1;3223-0939 / 3452-6388 ;0;0;0;1;1;1;1;549071.42;9587411.42
18;121;23234318;7083;ESCOLA MUNICIPAL HERONDINA LIMA CAVALCANTE - EF;AV. D, 310, CONJUNTO BEIRA RIO;60348-100;1;3452-2378 / 6666 / 6668;0;0;0;1;1;1;1;544611.5;9589256.45
19;24;23071028;6876;ESCOLA MUNICIPAL HILBERTO SILVA -  EF;AV. PRESIDENTE CASTELO BRANCO, 2973;60312-060;1;3452-6393 / 6394 ;0;0;0;1;0;1;1;549333.32;9589674.34
20;12;23256036;6827;ESCOLA MUNICIPAL JADER DE FIGUEIREDO CORREIA - EI / EF;RUA TOCANDIRA, 61;60330-155;1;3105-2510 / 3452-5875 ;0;1;1;1;0;1;0;545532.81;9590376.4
21;62;23255749;6919;ESCOLA MUNICIPAL JESUS CRISTO - EF;RUA ALBERTO FERREIRA, 46 ;60341-140;1;3452-3485;0;0;0;1;0;1;0;546283.55;9588988.96
22;62;23072270;7226;ESCOLA MUNICIPAL JOSÉ DE ALENCAR - EF;RUA ALBERTO FERREIRA, 248;60341-140;1;3212-1969 / 3452-6670 / 3452-6678;0;0;0;1;1;1;1;546244.27;9588835.66
23;77;23263334;6929;ESCOLA MUNICIPAL LENIRA JUREMA DE MAGALHAES - EI / EF;RUA TEÓFILO GURGEL, 111;60325-250;1;-;0;1;1;1;0;1;0;550372.79;9588125.29
24;61;23263326;7170;ESCOLA MUNICIPAL LORHAN MARQUES MEDEIROS - EI / EF;RUA CREUZA ROCHA, 255;60346-352;1;3252-3966;0;1;1;1;0;1;0;545357.71;9588628.48
25;61;23255641;6926;ESCOLA MUNICIPAL MANOEL RODRIGUES - EF;RUA MARIA CLARA, 1237;60346-218;1;3452-6695;0;0;0;0;1;1;0;545347.28;9588283.97
26;62;23255854;6944;ESCOLA MUNICIPAL MARIA DALVA SEVERINO MARREIRO - EI / EF;RUA RIO PARAGUAI, 782;60341-270;1;3452-6680;0;1;1;1;0;1;0;546131.74;9588214.11
27;121;23257881;7026;ESCOLA MUNICIPAL MARIA MARIZA MENDES DE CARVALHO - EI / EF;RUA RAIMUNDO CUNHA, 1174;60345-151;1;3452-5844;0;1;1;1;0;1;0;543732.14;9588822.14
28;5;23190787;7160;ESCOLA MUNICIPAL MARIA ROSELI LIMA MESQUITA - EI / EF;RUA FRANCISCO CALAÇA, 1791;60336-045;1;3286-1239 / 3452-6684 ;0;0;0;1;0;1;1;547297.29;9589118.23
29;76;23074876;7402;ESCOLA MUNICIPAL MOURA BRASIL - EI / EF;RUA PADRE MORORÓ, 189;60010-100;1;-;0;1;1;1;1;1;0;551600.32;9588969.6
30;5;23255889;6841;ESCOLA MUNICIPAL NOSSA SENHORA DO PERPÉTUO SOCORRO - EF;RUA CÔNSUL GOUVEIA, 57;60335-390;1;3452-5873;0;0;0;0;1;1;0;548653.5;9589166.79
31;5;23272716;7156;ESCOLA MUNICIPAL PATATIVA DO ASSARÉ - EI / EF;RUA FREI TEOBALDO, 646;60335-220;1;3236-5651;0;1;1;1;0;1;0;548618.78;9589326.88
32;61;23072504;7326;ESCOLA MUNICIPAL PROFESSOR JOSÉ PARSIFAL BARROSO - EF;RUA MAJOR ASSIS, 1076;60346-372;1;3105-1451;0;0;0;0;1;1;0;545653.99;9588441.76
33;61;23072520;7078;ESCOLA MUNICIPAL PROFESSOR JOSÉ REBOUÇAS MACAMBIRA - EI / EF;RUA CIDADE DE CARIÚS, 200;60346-271;1;3284-2978 / 3717 / 3452-6642;0;0;0;1;1;1;1;545424.57;9588562.85
34;77;23074140;7077;ESCOLA MUNICIPAL PROFESSOR MARTINZ DE AGUIAR - EI / EF;RUA BERNARDO PORTO, 470;60320-570;1;3452-6374;0;0;0;1;1;1;1;549130.12;9588563.71
35;61;23076682;6963;ESCOLA MUNICIPAL QUINTINO CUNHA -  EF;RUA MARIA CLARA, 1263;60346-218;1;3488-3275;0;0;0;1;0;1;0;545302.6;9588293.27
36;12;23255960;6838;ESCOLA MUNICIPAL RACHEL DE QUEIROZ - EI / EF;AV. PRESIDENTE CASTELO BRANCO, 5010;60312-060;1;3452-6690;0;1;1;1;0;1;0;547009.64;9590470.84
37;62;23255951;7113;ESCOLA MUNICIPAL RAIMUNDO DE SOUSA MANGUEIRA - EI / EF;RUA ALBERTO FERREIRA, 624;60341-140;1;3452-6682 / 6694 ;0;0;0;1;0;1;0;546230.53;9588490.85
38;12;23263318;7172;ESCOLA MUNICIPAL REITOR PEDRO TEIXEIRA BARROSO - EF;AV. FRANCISCO SÁ, 6623;60330-875;1;3252-3977;0;0;0;0;1;1;0;546193.7;9590109.68
39;35;23069198;7325;ESCOLA MUNICIPAL SANTA TEREZA - EF;AV. MONSENHOR HÉLIO CAMPOS, 90;60336-800;1;-;0;0;0;1;1;1;0;548457.39;9590340.29
40;35;23067756;7271;ESCOLA MUNICIPAL SÃO CURA D'ARS - EI / EF;RUA SANTA ELISA, 722;60311-020;1;3236-5749;0;1;1;1;0;1;0;548895.98;9590333.53
41;35;23077450;7988;ESCOLA MUNICIPAL SEBASTIANA ALDIGUERI -  EF;RUA DR. THEMBERG, 448 ;60335-480;1;-;0;0;0;0;1;1;0;548487.28;9590135.63
42;56;23547987;7409;ESCOLA MUNICIPAL SECRETÁRIO PAULO PETROLA - EF;RUA CARNEIRO DA CUNHA, 415;60010-470;1;-;0;0;0;1;1;1;0;550556.27;9588281.58
43;24;23311614;6842;ESCOLA MUNICIPAL TERTULIANO CAMBRAIA - EI / EF;RUA MONSENHOR ROSA, 946;60310-440;1;-;0;1;1;1;0;1;0;549391.82;9589570.19
44;35;23256044;7190;ESCOLA MUNICIPAL VIRGÍLIO TÁVORA - EI / EF;AV. MONSENHOR HÉLIO CAMPOS S/N ;60336-800;1;-;0;1;1;1;0;1;0;548394.19;9590416.16
45;62;23065168;8113;ESCOLA MUNICIPAL 11 DE AGOSTO - EI / EF;AV. CORONEL CARVALHO, 3121;60341-641;1;-;0;0;0;0;1;1;1;0;0
46;12;23529989;6859;ESCOLA MUNICIPAL TEMPO INTEGRAL ALDEMIR MARTINS ;AV. FRANCISCO SÁ, 7460;60330-878;2;-;0;0;0;0;1;0;0;546030.33;9590301.36
47;47;23271493;6928;ESCOLA MUNICIPAL TEMPO INTEGRAL NOSSA SENHORA DE FÁTIMA ;RUA SILVIO ROMERO, 370;60336-100;2;3452-6653;0;0;0;0;1;0;0;547476.88;9588759.65
48;45;_;6950;ASSOCIAÇÃO DOS CEGOS DO ESTADO DO CEARÁ;RUA ODILON SOARES, 39;60010-820;3;3452-6390;0;0;0;0;0;0;1;550895.74;9587703.76
49;118;_;7997;ESCOLA MUNICIPAL FAUSTINO DE ALBUQUERQUE - UND II;RUA CAP. NESTOR GÓIS, 400 ;60320-380;3;-;0;0;0;1;0;0;0;548676.96;9588452.61
50;12;_;7179;CEI AGOSTINHO MOREIRA E SILVA;RUA PERI, 20;60331-270;4;3252-1854;1;1;1;0;0;0;0;545998.74;9590938.67
51;35;_;7279;CEI ANTÔNIO MENDES;RUA IRINEU DE SOUSA, 188;60337-180;4;3433-8689;1;1;1;0;0;0;0;548008.62;9589817.67
52;121;_;7247;CEI ARLENE ALBERES MEDEIROS;RUA MARIA ZENÓBIA CARNEIRO, 299;60345-825;4;3105-1069;1;1;1;0;0;0;0;543823.15;9588920.46
53;12;_;7016;CEI CASIMIRO JOSÉ DE LIMA FILHO;AV. FRANCISCO SÁ, 6449;60330-878;4;-;1;0;1;0;0;0;0;546365.56;9589962.87
54;12;_;7404;CEI DOIS DE DEZEMBRO;RUA ARAQUÉM, 860;60331-120;4;-;1;0;1;0;0;0;0;546530.25;9590013.35
55;47;_;7237;CEI DOM HELDER CÂMARA;RUA FREI ODILON, 623;60336-190;4;3452-6639;1;1;1;0;0;0;0;547397.51;9588213.87
56;56;_;7387;CEI LENIRA JUREMA DE MAGALHÃES;RUA JACINTO DE MATOS, 906;60310-210;4;-;1;0;1;0;0;0;0;550281.73;9588916.6
57;121;_;7178;CEI MARIA MARIZA MENDES DE CARVALHO;RUA RAIMUNDO CUNHA, 1174;60345-151;4;3105-1059;1;1;1;0;0;0;0;543699.25;9588806.76
58;121;-;7814;CEI MÁRIO QUINTANA;RUA TETA, 900;60349-350;4;-;1;1;1;0;0;0;0;544389.79;9589761.58
59;76;_;7280;CEI MOURA BRASIL;RUA ADARIAS DE LIMA, 378;60010-130;4;3105-1021;1;1;1;0;0;0;0;551603.18;9588841.47
60;47;_;7314;CEI MARIA ROSELI LIMA MESQUITA;TR. LUIZ GUIMARÃES, 261;60336-150;4;3105-1018;1;1;1;0;0;0;0;547709.41;9588462.22
61;61;_;7015;CEI PROFESSOR JOSÉ REBOUÇAS MACAMBIRA;RUA CARIÚS, 200;60346-271;4;3105-1071;1;1;1;0;0;0;0;545348.1;9588588.1
62;77;_;7235;CEI PROFESSOR MARTINZ DE AGUIAR;RUA BERNARDO PORTO, 470;60320-570;4;-;1;1;1;0;0;0;0;549146.78;9588505.9
63;12;_;8083;CEI RACHEL DE QUEIROZ;TV. AURELIO LAVOR, 99;60312-180;4;;1;1;1;0;0;0;0;547028.28;9590475.84
64;62;_;7315;CEI RAIMUNDO DE SOUSA MANGUEIRA;RUA ALBERTO FERREIRA, 564;60341-140;4;-;1;1;1;0;0;0;0;546234.61;9588568.87
65;112;_;7667;CEI ROCHA LIMA;RUA  ERETIDES MARTINS  977;60320-350;4;-;1;1;1;0;0;0;0;548914.49;9587973.57
66;24;_;7147;CEI TERTULIANO CAMBRAIA;RUA MONSENHOR ROSA, 947;60310-440;4;3452-6386;1;0;1;0;0;0;0;549425.23;9589558.19
67;35;_;7014;CEI VIRGÍLIO TÁVORA;AV. MONSENHOR HÉLIO CAMPOS, S/N ;60336-800;4;3452-6681;1;1;1;0;0;0;0;548444.36;9590418.19
68;62;_;8121;CEI 11 DE AGOSTO;RUA ALBERTO FERREIRA, 1790;60341-140;4;;1;1;1;0;0;0;0;0;0
69;56;_;7421;CRECHE AMADEU BARROS LEAL ;AV. FILOMENO GOMES, 110;60010-280;5;-;1;0;1;0;0;0;0;550793.1;9588364.37
70;35;_;8128;CRECHE ANJOS DE DEUS;RUA DONA MENDINHA, 191 ;60337-385;5;;1;0;1;0;0;0;0;0;0
71;12;_;7419;CRECHE ARPOADOR ;RUA GRITO DE ALERTA, 136;60332-070;5;-;1;0;1;0;0;0;0;547712.81;9590641.23
72;77;_;7420;CRECHE FAVO DE MEL ;RUA DOUTOR ALMEIDA FILHO, 326;60320-510;5;-;1;0;1;0;0;0;0;548895.99;9588564.94
73;12;_;7453;CRECHE PEQUENO POLEGAR ;RUA MOACIR, 45;60332-650;5;-;1;0;1;0;0;0;0;546763.52;9590782.97
74;121;_;8090;CRECHE TIA TOINHA;RUA PAULO XENOFONTE, 1037;60345-156;5;;1;0;1;0;0;0;0;543909.79;9588789.01
75;25;23064870;6982;ESCOLA MUNICIPAL ALBA FROTA - EI / EF;AV. DOM MANUEL, 914;60060-090;1;3452-5892;1;1;1;1;0;1;0;552989.1;9587478.51
76;113;23064994;6973;ESCOLA MUNICIPAL ALMERINDA DE ALBUQUERQUE - EI / EF;RUA ANA GONÇALVES, 1105;60130-490;1;3452-1884;0;1;1;1;0;1;0;554822.77;9584516.12
77;114;23065052;7334;ESCOLA MUNICIPAL ALVORADA - EI / EF;RUA ANGRA DOS REIS, 234;60833-046;1;3488-3283;1;1;1;1;0;1;0;558307.97;9580846.52
78;79;23067330;7998;ESCOLA MUNICIPAL COLÔNIA Z-8 - EI / EF;RUA MANUEL JESUINO, 370  ;60175-270;1;-;0;1;1;0;1;1;0;557124.64;9587823.38
79;103;23547995;7406;ESCOLA MUNICIPAL DOM ALOÍSIO LORSCHEIDER - EI / EF;RUA JULIO SILVA, 400;60177-385;1;3105-1412;0;0;0;1;1;1;1;560527.59;9586028.5
80;20;23068302;6977;ESCOLA MUNICIPAL ELEAZAR DE CARVALHO - EI / EF;RUA FRANCISCO ALVES PEREIRA, 349;60180-720;1;3452-7345;0;1;1;1;0;1;0;558198.69;9588542.64
81;103;23250275;7283;ESCOLA MUNICIPAL FREI AGOSTINHO FERNANDES - EI / EF;AV. CÉSAR CALS, 2370;60182-000;1;3452-7351;1;1;1;1;0;1;0;560330.87;9586803.91
82;104;23186160;7287;ESCOLA MUNICIPAL FREI TITO DE ALENCAR LIMA - EI / EF;AV. DIOGUINHO, 5925;60181-770;1;3433-2753 / 3452-7350 ;0;1;1;1;1;1;1;562067.13;9583794.44
83;20;23257369;6951;ESCOLA MUNICIPAL GODOFREDO DE CASTRO FILHO - EI / EF;AV. JOSÉ SABÓIA, 905;60180-480;1;3433-2745 / 3452-7342 ;0;0;0;1;1;1;1;559349.7;9589012.57
84;114;23077611;7064;ESCOLA MUNICIPAL IRMÃ SIMAS - EF;RUA JOSÉ SOBREIRA, 608;60833-055;1;3488-3284;0;0;0;1;0;1;1;558221.97;9580972.61
85;60;23071427;7066;ESCOLA MUNICIPAL ISMAEL PORDEUS - EF;AV. DES. FAUSTINO ALBUQUERQUE, 511;60821-440;1;3433-5293;0;0;0;1;1;1;1;555660.64;9581720.54
86;69;23257482;6832;ESCOLA MUNICIPAL JOSÉ CARLOS DE PINHO - EI / EF;RUA LUÍZA MIRANDA COELHO, 595;60811-110;1;3452-1881 / 3452-1889 ;0;1;1;1;0;1;0;556435.37;9582900.6
87;73;23072350;7327;ESCOLA MUNICIPAL JOSÉ DIAS MACÊDO - EF;RUA NUNES VALENTE, 809;60125-070;1;3105-2633;0;0;0;1;1;1;1;555279.37;9587517.58
88;79;23072512;6981;ESCOLA MUNICIPAL JOSÉ RAMOS TORRES DE MELO - EI / EF;AV. DA ABOLIÇÃO, 3984;60165-085;1;3452-7344;0;0;0;1;1;1;1;557298.22;9588174.7
89;21;23256478;7252;ESCOLA MUNICIPAL JOSÉ SOBREIRA DE AMORIM - EI / EF;RUA TENENTE TITO BARROS, 330;60864-300;1;3433-5296;1;1;1;1;0;1;0;554196.14;9580208.37
90;122;23233729;7286;ESCOLA MUNICIPAL LUIS ÂNGELO PEREIRA - EI / EF;RUA OSMUNDO CAVALCANTE, 90;60175-550;1;3452-7346 ;0;1;1;1;0;1;0;558057.89;9588078.82
91;84;23270560;6918;ESCOLA MUNICIPAL MARIA ALICE - EI / EF;RUA PAULO MORAIS, 95;60175-175;1;3105-1388 / 3433-3890 ;0;1;1;1;1;1;0;557355.33;9587160.84
92;27;23256591;6879;ESCOLA MUNICIPAL MARIA DE LOURDES - EI / EF;RUA LUIS MENDES, 174;60823-080;1;3275-7109 / 7459 / 7799;0;1;1;1;0;1;0;554460.75;9581332.38
93;60;23073543;6813;ESCOLA MUNICIPAL MARIA DE LOURDES RIBEIRO JEREISSATI - EI / EF;RUA REINO UNIDO, 115;60820-140;1;3433-3539 / 5294 ;0;0;0;1;1;1;0;555179.75;9581820.67
94;20;23198818;7987;ESCOLA MUNICIPAL MARIA FELÍCIO LOPES - EI / EF;RUA 20 DE JULHO, 480;60180-560;1;-;0;0;0;1;1;1;0;558631.42;9588535.19
95;25;23245379;6824;ESCOLA MUNICIPAL NOSSA SENHORA APARECIDA - EI / EF;RUA TERESA CRISTINA , 112 ;60015-140;1;3105-1029;0;1;1;1;0;1;0;551575.17;9588625.58
96;113;23257393;6927;ESCOLA MUNICIPAL NOSSA SENHORA DO SAGRADO CORAÇÃO - EI / EF;RUA ANA GONÇALVES , 01 ;60130-490;1;-;0;1;1;1;0;1;0;553635.96;9584421.31
97;16;23264209;7175;ESCOLA MUNICIPAL ODILON GONZAGA BRAVEZA - EI / EF;AV. ALBERTO CRAVEIRO, 1480 C;60861-212;1;3452-5131;0;1;1;1;1;1;1;553420.42;9580752.69
98;114;23250631;6850;ESCOLA MUNICIPAL PROFESSOR ERNESTO GURGEL - EI / EF;RUA CORONEL OLEGÁRIO MEMÓRIA, 3105;60833-045;1;3488-3328;1;1;1;1;1;1;0;559219.13;9581003.92
99;44;23070048;7055;ESCOLA MUNICIPAL PROFESSOR FRANCISCO MAURÍCIO DE MATTOS DOURADO - EI / EF;RUA DES. FLORIANO BENEVIDES MAGALHÃES, 391;60811-690;1;3256-8788;0;1;1;1;0;1;1;557807.83;9583015.7
100;41;23071818;7166;ESCOLA MUNICIPAL PROFESSOR JOÃO HIPPÓLYTO DE AZEVEDO E SÁ - EI / EF;RUA 03, 88, CONJUNTO NAPOLIÃO VIANA;60860-490;1;3433-2946;0;1;1;1;1;1;1;552492.79;9581224.27
101;69;23187840;6974;ESCOLA MUNICIPAL PROFESSOR LUIS COSTA - EF;RUA JAIME LEONEL, 156;60811-320;1;3452-1894 / 3452-1895 ;0;0;0;1;1;1;1;555960.66;9583320.72
102;44;23325216;7379;ESCOLA MUNICIPAL PROFESSOR MANUEL EDUARDO PINHEIRO CAMPOS - EI / EF;RUA MIRIÚ, 500;60836-050;1;-;0;0;0;1;1;1;0;561191.9;9581114.98
103;114;23074779;7056;ESCOLA MUNICIPAL PROFESSOR MONTEIRO DE MORAES - EI / EF;RUA EVILÁSIO ALMEIDA MIRANDA, 1608;60833-302;1;3488-3286;0;1;1;1;0;1;1;559132.76;9580232.46
104;25;23257415;6976;ESCOLA MUNICIPAL PROFESSORA ADÉLIA MARIA BRAGA COSTA - EF;RUA FRANKLIN TÁVORA, 742;60150-110;1;3452-5891;0;0;0;1;0;1;1;553557.46;9587538.72
105;122;23064854;6983;ESCOLA MUNICIPAL PROFESSORA AÍDA SANTOS E SILVA - EI / EF;AV. TRAJANO DE MEDEIROS, 813;60182-080;1;3452-7353;0;1;1;1;0;1;0;559309.56;9588082.49
106;114;23064927;6870;ESCOLA MUNICIPAL PROFESSORA ALDACI BARBOSA -  EF;RUA CORONEL OLEGÁRIO MEMÓRIA, 1257;60833-045;1;3488-3282;0;0;0;0;1;1;0;558103.6;9580912.56
107;122;23065958;6862;ESCOLA MUNICIPAL PROFESSORA BELARMINA CAMPOS - EI / EF;RUA DOUTOR MANOEL RODRIQUES MONTEIRO, 840;60182-310;1;3433-2751;0;0;0;1;1;1;1;559246.65;9588223.21
108;122;23067462;6861;ESCOLA MUNICIPAL PROFESSORA CONSUELO AMORA - EF;AV. DOS JANGADEIROS, 577;60175-440;1;3452-7343;0;0;0;1;0;1;1;558047.8;9588371.41
109;1;23068175;6961;ESCOLA MUNICIPAL PROFESSORA EDITH BRAGA - EI / EF;RUA CAPITÃO VASCONCELOS, 1061;60850-680;1;3433-5286 / 3433-5297 ;0;0;0;1;0;1;1;553750.27;9583140.5
110;109;23256559;6971;ESCOLA MUNICIPAL PROFESSORA JOSEFINA PARENTE DE ARAÚJO - EI / EF;RUA PEDRO MAMEDE, 175;60836-075;1;3256-7389 / 3452-2434 ;0;1;1;1;0;1;0;561082.43;9579893.44
111;84;23073608;6860;ESCOLA MUNICIPAL PROFESSORA MARIA GONDIM DOS SANTOS - EI / EF;TRAVESSA GUARANI, 620;60175-790;1;3452-7352;0;0;0;1;1;1;1;557928.39;9586873.79
112;71;23264152;7282;ESCOLA MUNICIPAL PROFESSORA MARIA ODNILRA CRUZ MOREIRA - EI / EF;RUA ADENANTERA, 800;60190-550;1;3452-7358;0;1;1;1;1;1;1;559059.5;9584858.49
113;16;23073748;7223;ESCOLA MUNICIPAL PROFESSORA MARIA STELLA COCHRANE SANTIAGO - EI / EF;RUA ANTÔNIO FARIAS, 121;60743-660;1;3433-2945 / 3452-4821 ;0;1;1;1;1;1;0;552327.35;9580009.35
114;69;23256257;7114;ESCOLA MUNICIPAL SÃO JOÃO BATISTA - EI / EF;AV. ANTÔNIO ROCHA, 395;60821-140;1;3278-1489;0;1;1;1;0;1;0;555545.25;9582518.78
115;102;23269170;7277;ESCOLA MUNICIPAL SÃO RAFAEL - EI / EF;RUA DOS TABAJARAS, 244;60060-510;1;3219-1127;0;0;0;1;1;1;0;553527.54;9588876.67
116;20;23257440;7148;ESCOLA MUNICIPAL SÃO VICENTE DE PAULO - EF;AV.ZEZÉ DIOGO, 1247 ;60180-012;1;3452-7341;0;0;0;1;0;1;0;559501.82;9589003.92
117;44;23078596;7312;ESCOLA MUNICIPAL WASHINGTON SOARES - EF;RUA DO CORRENTE, 400;60812-290;1;3459-2175;0;0;0;0;1;1;0;558028.23;9582387.58
118;4;23078600;7313;ESCOLA MUNICIPAL YOLANDA QUEIROZ - EF;AV. GENERAL MURILO BORGES, 864;60851-250;1;3433-3987;0;0;0;1;1;1;0;554415.78;9583877.14
119;20;23065028;7123;ESCOLA MUNICIPAL TEMPO INTEGRAL PROFESSOR ÁLVARO COSTA ;AV. VICENTE DE CASTRO, 6074;60180-410;2;3452-7340 / 3452-7356 ;0;0;0;0;1;0;0;558642.45;9589709.41
120;113;23069317;7124;ESCOLA MUNICIPAL TEMPO INTEGRAL PROFESSORA ANTONIETA CALS ;RUA MONSENHOR SALAZAR, 1480;60130-731;2;3452-1891;0;0;0;0;1;0;0;554816.23;9584857.75
121;3;_;7188;ESCOLA MUNICIPAL JOSÉ RAMOS TORRES DE MELO - UND II ;AV. DESEMBARGADOR MOREIRA, 2121;60170-002;3;3452-7354;0;1;1;1;0;0;0;555455.71;9586143.15
122;113;_;7317;CEI ALMERINDA DE ALBUQUERQUE;TRAVESSA LIBERTADOR, 57;60130-720;4;-;1;0;1;0;0;0;0;553978.29;9584240.73
123;122;_;7405;CEI DARCY RIBEIRO;RUA FAUSTO CABRAL, 357;60175-415;4;3452-2316;1;1;1;0;0;0;0;557900.54;9587371.51
124;103;_;7407;CEI DOM ALOÍSIO LORSCHEIDER;AV. SENADOR CARLOS JEREISSATI, 395;60177-375;4;3433-2735;1;1;1;0;0;0;0;560500.7;9586081.83
125;103;_;7984;CEI FREI AGOSTINHO FERNANDES;AV. CÉSAR CALS, 2370;60182-000;4;-;1;0;1;0;0;0;0;560329.72;9586826.58
126;104;_;7028;CEI FREI TITO DE ALENCAR LIMA;AV. ZEZÉ DIOGO, 6470;60181-770;4;3105-1476;1;1;1;0;0;0;0;562138.62;9583828.35
127;20;_;7979;CEI GODOFREDO DE CASTRO FILHO;AV. JOSÉ SABÓIA, 905;60180-480;4;-;1;1;1;0;0;0;0;559361.42;9589062.99
128;16;_;7977;CEI JORNALISTA IVONETE MAIA;RUA MANOEL DE AGUIAR PONTES, 1525;60867-695;4;-;1;1;1;0;0;0;0;553696.29;9578877.22
129;110;_;7159;CEI JOSÉ CARLOS DE PINHO;AV. ROGACIANO LEITE, 1864;60810-092;4;3452-2443;1;1;1;0;0;0;0;555676.48;9583176.91
130;60;-;7153;CEI MARIA DE LOURDES RIBEIRO JEREISSATI;RUA REINO UNIDO, 930;60820-140;4;3433-3509;1;1;1;0;0;0;0;555105.44;9581716.53
131;20;_;7995;CEI MARIA FELÍCIO LOPES;RUA 20 DE JULHO, 480;60180-560;4;-;1;1;1;0;0;0;0;558679.65;9588556.5
132;84;_;7386;CEI MENINO MALUQUINHO;AV. ENGENHEIRO ALBERTO SÁ, 52;60175-395;4;-;1;1;1;0;0;0;0;557438.5;9587369.68
133;25;_;8026;CEI NOSSA SENHORA APARECIDA;RUA TERESA CRISTINA, 100 ;60015-140;4;-;1;0;1;0;0;0;0;551578.43;9588643.14
134;16;_;7368;CEI ODILON GONZAGA BRAVEZA ;AV. ALBERTO CRAVEIRO, 1480 B;60861-212;4;3433-2949;1;1;1;0;0;0;0;553468.43;9580747.93
135;16;_;7238;CEI ODILON GONZAGA BRAVEZA - UND II;RUA MAESTRO NÉO MIRANDA, 220;60867-530;4;3487-8784;1;1;1;0;0;0;0;553497.55;9579862.89
136;1;_;7985;CEI PROFESSORA EDITH BRAGA;RUA CAPITÃO VASCONCELOS, 1061;60850-680;4;-;1;1;1;0;0;0;0;553728.22;9583166.22
137;44;_;7240;CEI PROFESSOR FRANCISCO MAURÍCIO DE MATTOS DOURADO;RUA B, 50, LOTEAMENTO PARQUE AMARALINA;60813-020;4;3278-5921;1;0;1;0;0;0;0;557776.13;9583050.88
138;44;_;7986;CEI PROFESSOR MANUEL EDUARDO PINHEIRO CAMPOS ;RUA MIRIÚ, 500;60836-050;4;-;1;1;1;0;0;0;0;561165.6;9581131.44
139;122;_;7181;CEI PROFESSORA AÍDA SANTOS E SILVA;TRAVESSA JUQUERI, 46;60183-060;4;3433-8469;1;1;1;0;0;0;0;559025.44;9587966.35
140;113;_;7013;CEI PROFESSORA ANTONIETA CALS;RUA JÚLIA VASCONCELOS, 67;60120-320;4;3433-3905;1;1;1;0;0;0;0;554767.43;9584821.76
141;122;_;7125;CEI PROFESSORA BELARMINA CAMPOS;RUA DOUTOR MANOEL RODRIGUES, 840;60182-310;4;3433-2731;1;1;1;0;0;0;0;559212.15;9588206.11
142;71;_;7408;CEI PROFESSORA MARIA ODNILRA CRUZ MOREIRA;RUA VITÓRIA DA CONQUISTA, 1441;60191-670;4;-;1;1;1;0;0;0;0;559000.22;9584759.23
143;69;_;7678;CEI SÃO JOÃO BATISTA;RUA TEODORO DE PAIVA, 707;60811-275;4;-;1;0;1;0;0;0;0;555838.83;9582320.64
144;102;_;7533;CEI SÃO RAFAEL;RUA DOS TABAJARAS, 480;60060-510;4;-;1;1;1;0;0;0;0;553779.33;9588844.2
145;60;_;8028;CRECHE BEM ESTAR COMUNITÁRIO;RUA FREI CANECA, 299;60820-000;5;-;1;0;1;0;0;0;0;554731.76;9581504.12
146;60;_;7438;CRECHE CANTINHO FELIZ II ;RUA DA ESPERANÇA, 340;60821-060;5;-;1;0;1;0;0;0;0;555018.66;9581914.62
147;64;_;8134;CRECHE FELIPPO SMALDONE;RUA ADOLFO SIQUEIRA, 273 ;60135-140;5;;1;0;1;0;0;0;0;0;0
148;41;_;7927;CRECHE RAINHA DA PAZ;RUA TORRES DE MELO, Nº 689;60860-370;5;-;1;0;1;0;0;0;0;553103.36;9581094.43
149;16;_;7444;CRECHE RENASCER;RUA MANUEL RODRIGUES, Nº 325;60861-015;5;-;1;0;1;0;0;0;0;553819.9;9580720.37
150;113;_;6891;CRECHE SÃO GABRIEL;RUA ANA GONÇALVES, 141;60130-490;5;;1;0;1;0;0;0;0;553849.07;9584394.56
151;41;_;8023;CRECHE SEMENTE DO AMANHÃ;RUA CAP. JOAO FERREIRA, 954;60860-220;5;;1;0;1;0;0;0;0;552425.78;9581572.59
152;122;_;7422;CRECHE SONHO INFANTIL ;RUA ESTRELA DO ORIENTE, 151;60181-140;5;-;1;0;1;0;0;0;0;558279.91;9587991.65
153;44;_;7436;CRECHE UNIÃO DO DENDÊ ;AV. PRESIDENTE ARTUR BERNARDES, 460;60812-035;5;-;1;0;1;0;0;0;0;558448.11;9582982.4
154;114;_;8020;CRECHE VIDA VIDEIRA;RUA SÃO JOAO DEL REI, 1991;60833-285;5;-;1;0;1;0;0;0;0;558925.87;9579895.67
155;103;_;7020;CENTRO DE INTEGRAÇAO PSICO-SOCIAL DO CEARÁ ;RUA OLIVEIRA FILHO, 3320 ;60183-600;6;-;0;0;0;0;0;0;0;560553.67;9585805.54
156;64;_;7135;INSTITUTO FELIPPO SMALDONE;RUA ADOLFO SIQUEIRA , 273 ;60135-140;6;-;0;1;1;1;0;0;0;553466.11;9586260.99
157;73;_;7044;INSTITUTO PESTALOZZI DO CEARÁ ESPECIAL;RUA BARÃO DE ARACATI , 696 ;60115-080;6;-;0;0;0;0;0;0;0;554345.56;9587980.36
158;69;_;7151;MINHA ESCOLA PROFISSIONALIZANTE ;RUA ROGACIANO LEITE , 2001;60810-000;6;-;0;0;0;0;0;0;0;555835.64;9583457.12
159;84;_;6854;RECANTO PSICO-PEDAGÓGICO ;RUA ARI BARROSO,55 ;60155-560;6;3262-1818;0;0;0;0;0;0;0;558284.37;9586731.1
160;107;23257644;6852;ESCOLA MUNICIPAL  MARIA CARDOSO - EF;RUA FRANCISQUINHA PORTELA, 1151 ;60351-840;1;3479-8119;0;0;0;1;0;1;0;544565.48;9588119.27
161;43;23257695;7163;ESCOLA MUNICIPAL  SANTA LUZIA - EI / EF;RUA CORONEL FRANCISCO BENTO, 16;60526-328;1;3105-2226;0;1;1;1;0;1;0;545422.31;9585539.87
162;19;23272740;6846;ESCOLA MUNICIPAL 15 DE OUTUBRO - EI / EF;RUA GUARANI, 2030;60520-494;1;3105-2220;0;1;1;1;0;1;0;545929.63;9582764.21
163;99;23067934;7122;ESCOLA MUNICIPAL ADROALDO TEIXEIRA CASTELO - EI / EF;RUA ALAGOAS, 2267;60440-387;1;3488-3263;0;1;1;1;0;1;1;547157.51;9584868.2
164;19;23065311;7209;ESCOLA MUNICIPAL ANTÔNIO DIOGO DE SIQUEIRA - EI / EF;RUA ANSELMO NOGUEIRA, 655;60545-360;1;3433-2895;0;1;1;1;1;1;0;545747.26;9581716.8
165;108;23065397;6990;ESCOLA MUNICIPAL ANTÔNIO SALES - EI / EF;RUA TAVARES IRACEMA, 675;60430-070;1;3105-3423 / 3433-2570 ;0;1;1;1;0;1;0;549130.31;9585662.51
166;11;23065680;6991;ESCOLA MUNICIPAL AUTRAN NUNES - EF;RUA VIRGÍLIO DE MORAIS, S/N;60526-720;1;3131-1959;0;0;0;1;0;1;0;544856.87;9585556.64
167;43;23546026;7413;ESCOLA MUNICIPAL BERGSON GURJÃO FARIAS - EI / EF;AV. SENADOR FERNANDES TÁVORA, 2500;60510-290;1;-;0;1;1;1;0;1;0;545265.23;9584779.57
168;8;23272732;7076;ESCOLA MUNICIPAL DEPUTADO GERÔNCIO BEZERRA - EI / EF;TV. MANUEL NUNES, 42;60356-835;1;3105-1131;0;1;1;1;0;1;0;545438.42;9587007.31
169;11;23067977;7184;ESCOLA MUNICIPAL DOLORES ALCÂNTARA - EF;RUA CARDEAL ARCOVERDE, S/N;60526-400;1;3488-3264;0;0;0;1;1;1;1;545228.46;9585528.99
170;14;23072555;6964;ESCOLA MUNICIPAL DOM JOSÉ TUPINAMBÁ DA FROTA - EI / EF;RUA VIRIATO RIBEIRO, 1031;60442-640;1;3433-2893;0;1;1;1;0;1;0;548576.47;9585548.67
171;63;23067764;6992;ESCOLA MUNICIPAL DONA DAGMAR GENTIL - EF;RUA VITÓRIA, 1750;60525-455;1;3488-3261 / 3268 ;0;0;0;1;0;1;0;545471.38;9583497.68
172;19;23234440;6943;ESCOLA MUNICIPAL FRANCISCA FERNANDES MAGALHÃES - EI / EF;RUA VITAL BRASIL, 1020;60541-705;1;3433-2894 / 2897 ;0;0;0;1;0;1;1;545527.99;9582165.54
173;106;23070471;7208;ESCOLA MUNICIPAL GABRIEL CAVALCANTE -  EI / EF;QUADRA F, 167 , CONJUNTO PRESIDENTE CASTELO BRANCO;60357-250;1;3433-9743;0;1;1;1;0;1;1;547657.94;9587759.67
174;19;23272759;6826;ESCOLA MUNICIPAL JOÃO PAULO I - EI / EF;RUA LUÍS DE CASTRO, 254 ;60520-485;1;3105-3099;0;1;1;1;0;1;0;546863.5;9582544.59
175;8;23185066;6985;ESCOLA MUNICIPAL JOAQUIM NOGUEIRA - EI / EF;RUA PADRE PERDIGÃO SAMPAIO, 250;60351-695;1;3488-3276;0;0;0;1;1;1;1;544915.61;9586785.38
176;19;23244305;7665;ESCOLA MUNICIPAL JOSÉ ALCIDES PINTO - EF;RUA GUARANI, 2000;60520-660;1;-;0;0;0;0;1;1;1;545955.39;9582799.48
177;99;23072245;7308;ESCOLA MUNICIPAL JOSÉ BONIFÁCIO DE SOUSA - EF;RUA PERNAMBUCO, 600;60440-140;1;3105-2217;0;0;0;1;1;1;0;547529.5;9584701.69
178;107;23270675;7248;ESCOLA MUNICIPAL JOSÉ CARLOS DA COSTA RIBEIRO - EI / EF;RUA PIO SARAIVA, 335;60352-470;1;3488-7698;0;1;1;1;0;1;0;544480.42;9586910.86
179;99;23245212;7819;ESCOLA MUNICIPAL JOSÉ NAURI BRAGA - EF;TV. PRUDENTE DE MORAES, S/N;60442-440;1;-;0;0;0;1;1;1;1;548103.59;9585520.9
180;6;23073080;7214;ESCOLA MUNICIPAL MONSENHOR LINHARES - EF;RUA PROFESSOR LINO ENCARNAÇÃO, 1130;60455-515;1;3433-2571 / 3452-6383 ;0;0;0;1;1;1;0;548829.87;9586000.5
181;43;23257237;7081;ESCOLA MUNICIPAL MURILO SERPA - EI / EF;RUA MONSENHOR HIPÓLITO BRASIL, 1400;60526-055;1;-;0;0;0;1;0;1;0;546178.88;9584840.11
182;82;23075058;7983;ESCOLA MUNICIPAL NARCISA BORGES - EI / EF;TV. COSTA RICA, S/N  ;60360-490;1;-;0;1;1;1;0;1;0;546621.52;9586678.35
183;14;23075120;7162;ESCOLA MUNICIPAL NILSON HOLANDA -  EF;RUA VIRIATO RIBEIRO, 890;60442-640;1;3433-2892;0;0;0;0;1;1;1;548647.36;9585570.1
184;8;23068469;6986;ESCOLA MUNICIPAL PADRE JOSEFINO CABRAL -  EF;AV. SARGENTO HERMÍNIO, 5598;60350-484;1;-;0;0;0;1;0;1;0;545612.71;9587280.33
185;65;23072911;6921;ESCOLA MUNICIPAL PRESIDENTE KENNEDY - EF;AV. LINEU MACHADO, 811;60520-101;1;3290-4456 / 3488-3265 ;0;0;0;0;1;1;1;546874.76;9583482.37
186;82;23188375;6987;ESCOLA MUNICIPAL PROFESSOR CLODOALDO PINTO - EI / EF;RUA BANVARTH BEZERRA, 100;60356-400;1;3433-9744;0;1;1;1;0;1;0;546477.61;9587594.85
187;81;23184680;7046;ESCOLA MUNICIPAL PROFESSOR DENIZARD MACÊDO DE ALCÂNTARA - EI / EF;RUA MATOSO FILHO, 450;60351-365;1;3488-3272 / 3274 ;0;1;1;1;0;1;1;545617.19;9587535.35
188;8;23263040;7149;ESCOLA MUNICIPAL PROFESSOR GERARDO MILTON DE SÁ - EI / EF;RUA DOUTOR VALE COSTA, S/N;60360-720;1;3452-6699;0;1;1;1;1;1;1;545583.5;9586353.76
189;53;23072156;7213;ESCOLA MUNICIPAL PROFESSOR JOSÉ SOBREIRA DE AMORIM - EI / EF;RUA ESTRADA DO PICI, 1083 ;60510-160;1;3488-3266;0;1;1;1;0;1;0;546768.4;9583832.53
190;19;23212543;6965;ESCOLA MUNICIPAL PROFESSOR LUIZ RECAMONDE CAPELO - EI / EF;RUA MARIA QUINTELA, 706;60520-790;1;3488-3260 / 3267 ;0;1;1;1;1;1;0;545709.63;9582657.46
191;99;23189681;6925;ESCOLA MUNICIPAL PROFESSORA MARIA LIDUINA CORREA LEITE - EI / EF;RUA FERNÃO MAGALHÃES, 120;60440-550;1;3433-2891;0;1;1;1;0;1;0;547748.4;9585590.9
192;53;23187778;6874;ESCOLA MUNICIPAL SANTA MARIA - EI / EF;RUA CUIABÁ, 1465;60510-182;1;3488-3262;0;0;0;0;1;1;1;545750.62;9583888.45
193;107;23257075;6960;ESCOLA MUNICIPAL SÃO CARLOS - EI / EF;RUA 06, 1009;60352-150;1;-;0;1;1;1;0;1;0;544781.96;9587122.85
194;106;23256060;7191;ESCOLA MUNICIPAL SÃO JOSÉ - EF;AV. DOUTOR THEBERGE, 2288 ;60355-000;1;3131-8069;0;0;0;1;1;1;0;547883.64;9588296.15
195;108;23257750;6835;ESCOLA MUNICIPAL SÃO RAIMUNDO - EI / EF;RUA ALEXANDRE BARAÚNA, 1450;60430-160;1;-;0;1;1;1;0;1;0;549460.12;9586005.46
196;19;23262613;7281;ESCOLA MUNICIPAL TEMPO INTEGRAL MARIA DO SOCORRO ALVES CARNEIRO;RUA VERBENA, 1020;60545-350;2;3452-5178;0;0;0;0;1;0;0;545575.89;9581263.99
197;106;23331615;7378;ESCOLA MUNICIPAL TEMPO INTEGRAL PROFESSOR JOAQUIM FRANCISCO DE SOUSA FILHO ;RUA JOAQUIM MARQUES, 13;60356-032;2;3433-9064;0;0;0;0;1;0;0;547664.98;9587625.96
198;14;_;7176;CEI DOM JOSÉ TUPINAMBÁ DA FROTA;RUA VIRIATO RIBEIRO, S/N;60442-640;4;3105-2227;1;1;1;0;0;0;0;548593.49;9585523.59
199;19;_;7109;CEI FRANCISCA FERNANDES MAGALHÃES;RUA VITAL BRASIL, S/N;60541-705;4;-;1;0;1;0;0;0;0;545549.92;9582193.75
200;19;-;7180;CEI FRANCISCA FERNANDES MAGALHÃES - UND II;RUA MANUEL ANTÔNIO LEITE, 703;60545-300;4;3484-3850;1;1;1;0;0;0;0;545017.14;9582579.41
201;8;_;7206;CEI JOAQUIM NOGUEIRA;RUA SÃO VICENTE DE PAULA, 250 A;60353-180;4;-;1;1;1;0;0;0;0;544865.28;9586742.98
202;107;_;7270;CEI JOSÉ CARLOS DA COSTA RIBEIRO ;RUA PIO SARAIVA, 335;60352-470;4;-;1;0;1;0;0;0;0;544558.8;9586947.32
203;99;-;7165;CEI MURILO SERPA;RUA CORONEL MATOS DOURADO, 1270;60510-692;4;-;1;1;1;0;0;0;0;546377.97;9585222.74
204;99;_;6878;CEI MURILO SERPA - UND II;RUA CORONEL MATOS DOURADO, 1270;60510-692;4;-;1;0;1;0;0;0;0;546356.24;9585162.94
205;82;_;6856;CEI PROFESSOR CLODOALDO PINTO;RUA BARVARTH BEZERRA, 100;60356-400;4;3105-2533;1;0;1;0;0;0;0;546515.61;9587619.16
206;81;_;7246;CEI PROFESSOR DENIZARD MACÊDO DE ALCÂNTARA ;RUA Mª JOSÉ TEIXEIRA, 300;60351-230;4;-;1;0;1;0;0;0;0;545142.68;9587870.95
207;53;_;7396;CEI PROFESSOR JOSÉ SOBREIRA DE AMORIM;RUA ESTRADA DO PICI, 1083 ;60510-160;4;-;1;1;1;0;0;0;0;546699.76;9583855.13
208;19;_;7415;CEI PROFESSOR LUIZ RECAMONDE CAPELO;RUA MENINO JESUS DE PRAGA, 192;60520-600;4;-;1;1;1;0;0;0;0;546161.62;9582866.52
209;53;_;8012;CEI SANTA MARIA;RUA CUIABÁ, 1465;60510-182;4;-;0;1;1;0;0;0;0;545707.19;9583854.47
210;107;_;7425;CEI SÃO CARLOS;RUA DOS PESCADORES, 188;60352-640;4;;1;1;1;0;0;0;0;544190.58;9587432.88
211;108;_;7427;CRECHE APRISCO ;RUA MONSENHOR FURTADO, 759;60430-355;5;-;1;0;1;0;0;0;0;550086.88;9585948.24
212;53;_;8129;CRECHE CANTINHO CARINHOSO;RUA PORTO ALEGRE, 381 ;60510-205;5;;1;0;1;0;0;0;0;0;0
213;107;_;7426;CRECHE CRIANÇA FELIZ ;RUA PIO SARAIVA, 168;60541-660;5;-;1;0;1;0;0;0;0;544409.78;9587026.66
214;53;_;7928;CRECHE ESTRELA DA MANHÃ;RUA CUIABÁ, 2265;60510-182;5;-;1;0;1;0;0;0;0;545120.56;9584224.62
215;63;_;7929;CRECHE IRMÃ FÁBIA;RUA DIOGO CORREIA, 684;60525-580;5;-;1;0;1;0;0;0;0;545374.2;9583466.72
216;8;-;7902;CRECHE JOÃO DE DEUS;AV. MISTER HULL, 5437;60356-675;5;-;1;0;1;0;0;0;0;545160.1;9586561.72
217;53;_;7221;CRECHE MARIA DA HORA;AV. CEL MATOS DOURADO, 385;60360-590;5;-;1;0;1;0;0;0;0;546198.98;9584770.94
218;108;_;7424;CRECHE NOVA VIDA ;AV. GONÇALVES DIAS, 449;60431-145;5;-;1;0;1;0;0;0;0;549435.92;9586216.43
219;99;_;7445;CRECHE PARAÍSO ;RUA BENJAMIN CONSTANT, 497;60441-410;5;-;1;0;1;0;0;0;0;547883.33;9585597.54
220;106;_;8133;CRECHE PARAÍSO II;QUADRA E, 136 (CONJUNTO PRES. CASTELO BRANCO);60357-240;5;;1;0;1;0;0;0;0;0;0
221;11;_;7428;CRECHE PEQUENA BIA ;RUA RAIMUNDO RIBEIRO, 400;60526-500;5;-;1;0;1;0;0;0;0;544916.42;9585048.8
222;63;_;7342;CRECHE TIA EURICE ;RUA ARACAJÚ, 1863;60525-580;5;-;1;0;1;0;0;0;0;545348.51;9583527.28
223;99;_;8027;CRECHE TIA MARIQUINHA;RUA LORENA, 220;60440-540;5;-;1;0;1;0;0;0;0;547695.91;9585429.2
224;101;23264179;7330;ESCOLA MUNICIPAL ADALBERTO STUDART FILHO -  EF;RUA DO CAMPO, 25;60766-395;1;3131-7823;0;0;0;1;1;1;0;547165.53;9576056.23
225;105;23065621;6866;ESCOLA MUNICIPAL ARI DE SÁ CAVALCANTE - EI / EF;RUA SESSENTA E TRÊS, 20;60750-070;1;3433-2954 ;0;0;0;1;1;1;0;548965.88;9576745.13
226;54;23324244;7411;ESCOLA MUNICIPAL CAROLINO SUCUPIRA - EI / EF;RUA MUNDICA PAULA, S/N;60421-410;1;-;0;1;1;1;0;1;0;548970.22;9582989.41
227;75;23078766;6868;ESCOLA MUNICIPAL CASIMIRO MONTENEGRO - EI / EF;AV. BERNARDO MANUEL,11360;60761-740;1;3433-4926;0;1;1;1;1;1;1;549050.67;9577884.8
228;119;23066660;7161;ESCOLA MUNICIPAL CATULO DA PAIXÃO CEARENSE - EI / EF;RUA LEÃO DO NORTE, 300;60730-010;1;3232-1242;0;1;1;1;0;1;0;547021.67;9581700.42
229;85;23075155;6819;ESCOLA MUNICIPAL CLÁUDIO MARTINS -  EF;AV. JOÃO PESSOA, 6601;60721-340;1;3452-5137;0;0;0;0;1;1;0;548857.16;9583508.98
230;58;23073934;7309;ESCOLA MUNICIPAL DOM MANOEL DA SILVA GOMES - EF;RUA SAMUEL UCHOA, 550;60416-205;1;3105-1001;0;0;0;0;1;1;0;550484.21;9584972.15
231;105;23070056;6867;ESCOLA MUNICIPAL FRANCISCO NUNES CAVALCANTE - EI / EF;RUA POETA MÁRIO LINHARES, 561;60750-160;1;3433-2956;0;1;1;1;0;1;0;549408.76;9577458.94
232;101;23257679;7289;ESCOLA MUNICIPAL GEÍSA FIRMO GONÇALVES - EF;RUA ZULEICA PONTES, 1260;60760-425;1;3433-4929;0;0;0;1;0;1;0;548152.38;9576422.26
233;2;23262605;7363;ESCOLA MUNICIPAL HAROLDO JORGE BRAUN VIEIRA - EI / EF;RUA JORGE VIEIRA, S/N;60420-055;1;3452-1839 ;0;1;1;1;1;1;1;552379.5;9582919.31
234;80;23257105;7202;ESCOLA MUNICIPAL HILZA DIOGO CALS - EI / EF;AV. WALDIR DIOGO, 850;60764-020;1;3433-4928;0;1;1;1;0;1;0;545993.17;9579531.77
235;115;23244976;8016;ESCOLA MUNICIPAL IRMÃ GIULIANA GALLI - EF;RUA ANTONIO BOTELHO, 715;60741-110;1;-;0;0;0;1;0;1;0;549977.28;9581728.25
236;59;23233842;7329;ESCOLA MUNICIPAL JOÃO ESTANISLAU FAÇANHA - EI / EF;RUA 11, S/N, CONJUNTO CAMPO DOS INGLESES;60712-300;1;3433-4905;0;0;0;1;1;1;0;548502.96;9580044.16
237;75;23263130;7171;ESCOLA MUNICIPAL JOÃO HILDO DE CARVALHO FURTADO - EI / EF;RUA JUVÊNCIO SALES, S/N;60764-600;1;3484-3926;0;0;0;1;1;1;1;545450.26;9576607.21
238;75;23234067;7090;ESCOLA MUNICIPAL JONATHAN DA ROCHA ALCOFORADO - EI / EF;RUA MARIA GOMES DE SÁ, 1030;60765-173;1;3433-4906;0;0;0;1;1;1;0;546510.4;9577091.36
239;80;23072202;7241;ESCOLA MUNICIPAL JOSÉ AYRTON TEIXEIRA - EI / EF;RUA ALFREDO MAMEDE S/N;60763-806;1;3433-4907;0;0;0;1;1;1;0;546163.2;9578752.92
240;83;23234407;7168;ESCOLA MUNICIPAL JOSÉ BATISTA DE OLIVEIRA - EI / EF;RUA GOIÁS, S/N;60441-005;1;3452-5155;0;1;1;1;0;1;1;548245.41;9584680.37
241;46;23186950;7185;ESCOLA MUNICIPAL MADRE TEREZA DE CALCUTÁ - EI / EF;RUA GUILHERME MOREIRA, 75;60040-490;1;3252-4763 / 3494-2297 ;0;1;1;1;0;1;0;553066.87;9585515.72
242;120;23073870;8003;ESCOLA MUNICIPAL GENERAL MANOEL CORDEIRO NETO - EF;RUA JORGE ACÚRCIO, 900 ;60410-800;1;-;0;0;0;0;1;1;0;551804.95;9583445.37
243;115;23198486;6978;ESCOLA MUNICIPAL MARCOS VALENTIM PEREIRA DE SOUZA - EI / EF;RUA FREIRE ALEMÃO, 91;60742-110;1;3452-5136;0;1;1;1;0;1;0;550767.62;9581834.45
244;80;23257300;7337;ESCOLA MUNICIPAL MARIA BEZERRA QUEVEDO - EI / EF;RUA 103, 28, CONJUNTO NOVO MONDUBIM;60764-260;1;3433-8589;0;0;0;1;0;1;1;545773.21;9579115.4
245;55;23234423;6980;ESCOLA MUNICIPAL MARIA DE CARVALHO MARTINS - EI / EF;AV. DEDÉ BRASIL, 4300;60714-242;1;3452-5139 / 3469-5971 ;0;1;1;1;0;1;0;551326.46;9580876.12
246;101;23073772;7224;ESCOLA MUNICIPAL MARIA ZÉLIA CORREIA DE SOUZA - EI / EF;RUA ANTÔNIO PEREIRA, 1495;60766-295;1;3433-2958 / 3433-4901 ;0;0;0;1;1;1;1;547646.49;9576521.92
247;80;23074086;7067;ESCOLA MUNICIPAL MARIETA GUEDES MARTINS - EF;AV. CÔNEGO DE CASTRO, 4701;60764-205;1;3433-4909;0;0;0;1;1;1;0;545145.99;9579211.33
248;105;23257520;7061;ESCOLA MUNICIPAL MINHA VIDA MEUS AMORES - EI / EF;AV. D, 380, 2ª ETAPA;60750-830;1;3452-5198;0;1;1;1;0;1;0;549278.83;9576503.65
249;105;23234172;6989;ESCOLA MUNICIPAL MONTEIRO LOBATO - EI / EF;RUA 83, 181;60751-050;1;3433-2957;0;1;1;1;0;1;0;548921.22;9576370.52
250;58;23069368;7211;ESCOLA MUNICIPAL MOZART PINTO - EF;RUA JORGE DUMAR, 2078;60410-426;1;3488-3385 / 3494-4307 ;0;0;0;1;0;1;0;551054.29;9585032.33
251;75;23256737;7152;ESCOLA MUNICIPAL NOVO RENASCER - EI / EF;RUA LESTE OESTE, 140;60762-397;1;3452-9397;0;1;1;1;0;1;0;548287.15;9577029.98
252;37;23256486;6848;ESCOLA MUNICIPAL PADRE FELICE PISTONE - EI / EF;RUA JÚLIO CÉSAR, 1810;60425-236;1;31317842 / 34914048 ;0;1;1;1;0;1;0;550037.42;9584705.15
253;120;23071990;7169;ESCOLA MUNICIPAL PAPA JOÃO XXIII - EI / EF;RUA TREZE DE ABRIL, 545;60411-055;1;3131-7712;0;1;1;1;0;1;0;551726.61;9583985.73
254;39;23075856;7284;ESCOLA MUNICIPAL PAULO SARASATE - EI / EF;RUA PEDRO MUNIZ, 250;60440-060;1;3232-1324;0;1;1;1;0;1;0;548485.76;9583945.22
255;75;23071435;6869;ESCOLA MUNICIPAL PROFESSOR JACINTO BOTELHO - EI / EF;RUA DOUTOR RODRIGO CODES SANDOVAL, 374;60711-455;1;3433-4904;0;1;1;1;1;1;1;547889.22;9579255.99
256;85;23072563;7285;ESCOLA MUNICIPAL PROFESSOR JOSÉ VALDEVINO DE CARVALHO - EI / EF;RUA GUARÁ, S/N;60740-140;1;32321-335 / 3452-5138 ;0;1;1;1;0;1;1;548955.77;9582645.92
257;75;23186690;6984;ESCOLA MUNICIPAL PROFESSOR OSMÍRIO DE OLIVEIRA BARRETO - EI / EF;RUA 10, S/N, CONJUNTO SÍTIO CORREGO;60752-110;1;3433-4911;0;1;1;1;1;1;0;547757.43;9578060.74
258;101;23257059;7129;ESCOLA MUNICIPAL PROFESSORA IRENE DE SOUZA PEREIRA - EI / EF;RUA F, S/N;60766-045;1;3101-3062;0;1;1;1;1;1;0;546992.41;9577124.78
259;105;23235365;7332;ESCOLA MUNICIPAL PROFESSORA VÂNIA MARIA NEVES FACÓ BARROS -  EF;RUA 65, 250;60750-790;1;3433-4917;0;0;0;1;0;1;0;548986.98;9576610.78
260;40;23075074;7186;ESCOLA MUNICIPAL PROJETO NASCENTE - EI / EF;RUA CAMPO MAIOR, S/N;60714-315;1;3131-1932;0;1;1;1;1;1;1;549484.42;9580570.37
261;105;23076798;6988;ESCOLA MUNICIPAL RACHEL DE QUEIROZ - EI / EF;AV. C, S/N;60750-020;1;-;0;0;0;0;1;1;1;549175.16;9576746.87
262;119;23184779;6818;ESCOLA MUNICIPAL RAIMUNDO SOARES DE SOUZA - EF;RUA COSTA FREIRE, 550;60730-135;1;3232-1231;0;0;0;1;1;1;1;546671.5;9581477.1
263;105;23077131;7335;ESCOLA MUNICIPAL ROGACIANO LEITE - EI / EF;RUA 45, S/N;60750-590;1;3433-2959;0;0;0;1;1;1;0;549021.57;9575784.35
264;80;23256990;7167;ESCOLA MUNICIPAL ROSA AMARO CAVALCANTE - EI / EF;RUA ALFREDO MAMEDE, 1064;60763-425;1;3484-0515;0;1;1;1;0;1;0;546108.59;9578740.14
265;72;23256656;7094;ESCOLA MUNICIPAL SAGRADO CORAÇÃO - EI / EF;RUA HOLANDA, 477;60711-005;1;-;0;1;1;1;0;1;0;548424.13;9580501.2
266;101;23257334;6822;ESCOLA MUNICIPAL TEREZA D'ANA - EI / EF;RUA CORONEL DE QUEIROZ, 750;60760-510;1;3473-1400;0;1;1;1;0;1;0;547876.39;9576253.76
267;55;23078030;6871;ESCOLA MUNICIPAL THOMAZ POMPEU SOBRINHO - EI / EF;RUA JOSÉ MENELEU, 531;60714-040;1;3131-1939;0;0;0;1;1;1;0;548755.29;9581643.61
268;78;23078413;7164;ESCOLA MUNICIPAL VICENTE FIALHO - EI / EF;RUA IRMÃ BAZET, 193;60420-670;1; 3452-5157 ;0;1;1;1;1;1;1;549419.7;9584226.55
269;115;23078553;6922;ESCOLA MUNICIPAL WALDEMAR BARROSO - EF;RUA CÔNEGO LIMA SUCUPIRA, 410;60741-255;1;3452-5132;0;0;0;0;1;1;1;550051.39;9582342.59
270;55;23078626;6979;ESCOLA MUNICIPAL ZAIRA MONTEIRO GONDIM - EF;RUA PEDRO AGUIAR, 315;60714-330;1;3452-5154;0;0;0;0;1;1;0;550616.29;9580795.18
271;40;_;8116;ESCOLA MUNICIPAL DE EDUCAÇÃO BILÍNGUE FRANCISCO SUDERLAND BASTOS MOTA - EI / EF;AV. BERNARDO MANUEL, 9970;60761-282;1;;0;0;0;0;0;0;0;0;0
272;105;23078740;6958;ESCOLA MUNICIPAL TEMPO INTEGRAL DIOGO VITAL DE SIQUEIRA;AV. L, S/N;60750-110;2;3433-2955  ;0;0;0;0;1;0;0;549394.62;9577017.95
273;58;23070250;6953;ESCOLA MUNICIPAL TEMPO INTEGRAL FILGUEIRAS LIMA;AV. DOS EXPEDICIONÁRIOS, 3910;60410-446;2;3131-1968 / 3494-1077 ;0;0;0;0;1;0;0;551302.21;9585208.45
274;2;_;6843;ESCOLA MUNICIPAL DOM MANOEL DA SILVA GOMES - UND II ;AV. AGUANAMBI, 2479;60415-390;3;3105-1609;0;0;0;1;0;0;0;552977.7;9584517.18
275;75;_;7086;ESCOLA MUNICIPAL JOSÉ AYRTON TEIXEIRA - UND II ;RUA 01, 1169 ;60767-725;3;3105-3092;0;1;1;1;0;0;0;546764.83;9578383.78
276;58;_;6825;ESCOLA MUNICIPAL PADRE FELICE PISTONE - UND II ;TV. SALGADINHO, S/N  ;60410-480;3;3131-1691;0;1;1;1;0;0;0;551262.29;9585085.15
277;85;_;7256;CEI ALGODÃO DOCE;RUA JOSE QUEIROZ PORTO, 25;60740-120;4;3452-5134;1;0;1;0;0;0;0;549149.93;9582381.83
278;101;_;7432;CEI ARI DE SÁ CAVALCANTE;RUA FCA. MARIA DA CONCEIÇÃO, 241;60760-310;4;-;1;0;1;0;0;0;0;548044.36;9575372.72
279;58;_;7403;CEI FILGUEIRAS LIMA;RUA MAJOR WEYNE, 100;60415-730;4;3105-1009;1;0;1;0;0;0;0;551210.4;9585202.59
280;2;_;7276;CEI HAROLDO JORGE BRAUN VIEIRA;RUA MARTE, S/N;60422-580;4;3256-5162;1;1;1;0;0;0;0;552274.15;9583988.62
281;80;_;7269;CEI HILZA DIOGO CALS;RUA SILVINO, 31;60764-045;4;3131-7313;1;1;1;0;0;0;0;546007.81;9579572.17
282;59;_;7024;CEI JOÃO ESTANISLAU FAÇANHA ;RUA HOLANDA, 870;60712-165;4;3452-9361;1;0;1;0;0;0;0;548599.76;9580042.6
283;75;_;7371;CEI JOÃO HILDO CARVALHO FURTADO;AV. C, S/N;60767-592;4;3484-3871;1;0;1;0;0;0;0;545478.33;9576719.16
284;75;_;8017;CEI JOÃO HILDO CARVALHO FURTADO - UND II;RUA POLIANA, S/N;60764-600;4;-;0;1;1;0;0;0;0;545376.14;9576647.36
285;75;_;7212;CEI JONATHAN DA ROCHA ALCOFORADO;RUA ÉRICO VENEFRIDO MELO, 89;60764-455;4;3452-5153;1;1;1;0;0;0;0;546495.73;9577125.92
286;83;_;7126;CEI JOSÉ BATISTA DE OLIVEIRA;RUA GOIÁS, S/N;60441-005;4;-;1;0;1;0;0;0;0;548201.17;9584662.52
287;46;_;7911;CEI MADRE TEREZA DE CALCUTÁ ;RUA CAPITÃO BATISTA, S/N;60415-255;4;-;1;1;1;0;0;0;0;553177.27;9584447.92
288;115;_;7029;CEI MARCOS VALENTIM PEREIRA DE SOUZA;RUA FREIRE ALEMÃO, 91;60742-110;4;3105-3084;1;0;1;0;0;0;0;550766.87;9581873.63
289;80;_;7023;CEI MARIA BEZERRA QUEVEDO;RUA 106, 114, CONJUNTO NOVO MONDUBIM;60764-290;4;3131-6226;1;1;1;0;0;0;0;545762.54;9578973.97
290;55;_;7073;CEI MARIA DE CARVALHO MARTINS;RUA GIRASSOL, 649;60714-445;4;3105-2021;1;0;1;0;0;0;0;551288.49;9580834.32
291;75;_;7392;CEI MARIA HERCÍLIA EVANGELISTA MARTINS;RUA 03, 300, LOTEAMENTO PARQUE SANTANA I;60767-630;4;3105-1044;1;1;1;0;0;0;0;546555.16;9578486.33
292;101;_;7189;CEI MARIA ZÉLIA CORREIA DE SOUZA;RUA ANTÔNIO PEREIRA, 1495;60766-295;4;3131-6220;1;1;1;0;0;0;0;547683.35;9576514.35
293;55;_;6844;CEI PADRE MARCELINO ZANELLA;RUA INGLATERRA, 222;60714-150;4;-;1;1;1;0;0;0;0;548667.78;9581911.72
294;120;_;7018;CEI PAPA JOÃO XXIII;RUA TREZE DE ABRIL, 595 A;60411-055;4;3452-1805;1;0;1;0;0;0;0;551672.73;9584011.53
295;39;_;7242;CEI PAULO SARASATE;RUA PEDRO MUNIZ, 250;60440-060;4;3292-4110;1;0;1;0;0;0;0;548489.34;9583897.33
296;105;_;8065;CEI PEDRO BOCA RICA;RUA D, S/N;60751-265;4;;1;1;1;0;0;0;0;549733.26;9575654.1
297;2;_;7249;CEI PRESIDENTE MÉDICI;AV. BORGES DE MELO, 910;60415-510;4;3452-1804;1;1;1;0;0;0;0;552401.8;9584388.77
298;75;_;7250;CEI PROFESSOR JACINTO BOTELHO ;RUA CEL. MANOEL ALBANO, 288    ;60711-465;4;3452-5152;1;0;1;0;0;0;0;547808.26;9579240.95
299;85;_;8089;CEI PROFESSOR JOSÉ VALDEVINO DE CARVALHO;AV. GODOFREDO MACIEL, 522;60710-000;4;;0;0;0;0;0;0;0;548256.78;9582091.69
300;75;_;7065;CEI PROFESSOR OSMÍRIO DE OLIVEIRA BARRETO;RUA 10, S/N, CONJUNTO SÍTIO CÓRREGO;60752-110;4;3131-6224;1;1;1;0;0;0;0;547751.68;9578017.84
301;40;_;7019;CEI PROJETO NASCENTE;RUA CAMPO MAIOR, S/N;60714-315;4;3105-3339;1;0;1;0;0;0;0;549519.81;9580603.21
302;105;_;6849;CEI RACHEL DE QUEIROZ;RUA 41, S/N;60750-550;4;3131-6221;1;0;1;0;0;0;0;549147.29;9576693.52
303;105;_;7022;CEI ROGACIANO LEITE;AV. J, 1488   ;60750-090;4;3452-9372;1;0;1;0;0;0;0;549036.67;9575748.68
304;120;_;7127;CEI TEODORICO BARROSO;RUA HELVÉCIO MONTE, 751;60420-040;4;3105-1539;1;0;1;0;0;0;0;551483.53;9583671.43
305;78;_;7017;CEI VICENTE FIALHO;RUA IRMÃ BAZET, 193;60420-670;4;3491-9692;1;0;1;0;0;0;0;549402.35;9584177.54
306;115;_;8138;CEI MARIA DE CARVALHO MARTINS - UND II;RUA VI, S/N (CONJUNTO OITO DE SETEMBRO);60744-870;4;;0;0;0;0;0;0;0;0;0
307;59;_;7266;CRECHE  SONHO DE CRIANÇA ;RUA  VIDAL DE NEGREIROS, 359       ;60712-108;5;-;1;0;1;0;0;0;0;548309.7;9579971.15
308;115;_;7865;CRECHE IRMÃ GIULIANA GALLI;TV. SANTO ONOFRE;60741-110 ;5;-;1;0;1;0;0;0;0;549933.72;9581878.38
309;119;_;7930;CRECHE PARAÍSO DA CRIANÇA;RUA DR. ESTÊNIO GOMES, 6;60821-450;5;-;1;0;1;0;0;0;0;546869.78;9581555.91
310;75;_;7898;CRECHE PEQUENOS BRILHANTES;RUA OTÁVIO LIMA, 90;60764-545;5;-;1;0;1;0;0;0;0;545682.23;9576900.64
311;75;_;8126;CRECHE PEQUENOS HERÓIS;RUA NÓRDICA, 318 ;60764-465;5;;1;0;1;0;0;0;0;0;0
312;105;_;7931;CRECHE VÓ ESTEFÂNIA;AV. E, 635;60750-040;5;-;1;0;1;0;0;0;0;548903.27;9576212.93
313;115;_;6930;ESCOLA ESPECIAL INSTITUTO MOREIRA DE SOUZA;AV. DEDÉ BRASIL, 4241;60741-005;6;-;0;0;0;0;0;0;0;551253.13;9580979.27
314;32;23263148;7245;ESCOLA MUNICIPAL ALAÍDE AUGUSTO DE OLIVEIRA - EF;RUA SETEMBRINA, 525;60763-646;1;3105-1020 / 3452-5179 ;0;0;0;1;0;1;0;544787.48;9578689.45
315;18;23242469;7111;ESCOLA MUNICIPAL CATARINA LIMA DA SILVA - EF;RUA PEDRO MARTINS, 313;60543-305;1;3105-3341 / 3361 / 3362;0;0;0;0;1;1;1;544288.73;9579973.32
316;50;23067390;6872;ESCOLA MUNICIPAL CONCEIÇÃO MOURÃO - EF;RUA DUAS NAÇÕES, 551;60545-241;1;3290-4167 / 3452-2427 / 2429;0;0;0;1;1;1;0;544193.98;9582495.49
317;18;23271540;7278;ESCOLA MUNICIPAL CRESCER E APRENDER - EI / EF;RUA EDSON MARTINS, 642;60543-454;1;3105-3091 / 3131-1948 ;0;1;1;1;0;1;0;544636.94;9580989.83
318;50;23067543;6957;ESCOLA MUNICIPAL CREUSA DO CARMO ROCHA - EF;RUA DUAS NAÇÕES, 1055;60545-242;1;3452-2471 / 3488-3246 ;0;0;0;0;1;1;1;544061.19;9582010.18
319;49;23263113;7244;ESCOLA MUNICIPAL DOUTOR SÉRVULO MENDES BARROSO - EF;RUA JOSÉ MARTINS, 2239;60540-545;1;3131-1942;0;0;0;1;0;1;0;543230.69;9581476.26
320;31;23068167;7274;ESCOLA MUNICIPAL EDILSON BRASIL SOÁREZ - EF;RUA 315, 111;60530-630;1;3105-2201;0;0;0;0;1;1;0;542849.72;9582882.79
321;50;23214899;7106;ESCOLA MUNICIPAL EDUCADOR PAULO FREIRE - EI / EF;RUA CORONEL FABRICIANO, 452;60540-835;1;3245-7561;0;1;1;1;1;1;0;545085.84;9581454.71
322;23;23256923;6975;ESCOLA MUNICIPAL FLORIVAL ALVES SERAINE - EI / EF;RUA ITATIAIA , S/N;60731-455;1;3488-3398;0;1;1;1;0;1;1;544160.64;9579151.86
323;23;23227419;7050;ESCOLA MUNICIPAL FRANCISCA DE ABREU LIMA - EI / EF;RUA HUMBERTO DE ALMEIDA, 535;60731-415;1;3452-2497;0;1;1;1;0;1;0;544679.52;9579161.72
324;49;23070030;7225;ESCOLA MUNICIPAL FRANCISCO EDMILSON PINHEIRO - EI / EF;AV. H, 2115;60533-667;1;3452-2470;0;0;0;1;0;1;1;542452.36;9582515.55
325;31;23069945;7310;ESCOLA MUNICIPAL GOVERNADOR FAUSTINO DE ALBUQUERQUE -  EF;RUA 143, 155;60530-210;1;3105-2213 / 2214;0;0;0;0;1;1;0;543516.82;9583060.78
326;70;23070960;6920;ESCOLA MUNICIPAL HENRIQUETA GALENO - EF;RUA MAJOR MONTENEGRO, 917;60713-520;1;3433-4903;0;0;0;1;1;1;1;546505.93;9580217.1
327;18;23213736;7097;ESCOLA MUNICIPAL HERBERT DE SOUSA - EI / EF;RUA URUCUTUBA, 1599;60544-311;1;3245-9448;0;1;1;1;0;1;0;543505.76;9580269.72
328;48;23233834;7074;ESCOLA MUNICIPAL IRMÃ MARIA EVANETE - EF;AV. D, 1015;60533-621;1;3452-2472;0;0;0;1;0;1;0;544040.5;9584292.38
329;50;23256966;6839;ESCOLA MUNICIPAL IRMÃ ROCHA - EI / EF;RUA EMÍLIO DE MENEZES, 2515;60541-424;1;3452-2420 / 3483-2420 ;0;1;1;1;0;1;0;544264.94;9582470.53
330;48;23257172;7043;ESCOLA MUNICIPAL JOÃO FREDERICO FERREIRA GOMES - EI / EF;RUA JOSÉ MENDONÇA, S/N;60534-090;1;3488-3248;0;1;1;1;0;1;0;544258.43;9585094.67
331;49;23071850;7089;ESCOLA MUNICIPAL JOÃO MENDES DE ANDRADE - EI / EF;RUA B, 1366, CONJUNTO PALMARES;60540-258;1;3105-3360 / 3452-2463 ;0;0;0;1;1;1;1;541117.78;9581183.68
332;30;23264160;7369;ESCOLA MUNICIPAL JOÃO NUNES PINHEIRO - EI / EF;AV. F, 550;60533-644;1;3452-6758;0;1;1;1;0;1;0;543853.84;9583800.25
333;31;23257202;7339;ESCOLA MUNICIPAL JOÃO PAULO II - EF;AV. C, 1381;60533-617;1;3290-4132;0;0;0;1;0;1;0;542870.59;9583199.63
334;116;23072016;6863;ESCOLA MUNICIPAL JOAQUIM ALVES - EI / EF;AV. OSÓRIO DE PAIVA, 8030;60732-142;1;3452-2466;0;1;1;1;1;1;1;542057.18;9577348.26
335;23;23245182;7744;ESCOLA MUNICIPAL JORNALISTA DEMÓCRITO DUMMAR - EI / EF;AV. EUCLIDES PAULINO BARROSO, 2505;60743-630;1;-;0;1;1;1;0;1;0;543445.91;9577641.16
336;50;23256796;6940;ESCOLA MUNICIPAL JOSÉ CARLOS MATOS - EI / EF;RUA ITAJAÍ, 802;60545-290;1;3452-2302;0;1;1;1;0;1;0;544843.16;9581788.3
337;48;23271531;7293;ESCOLA MUNICIPAL MANOEL CAETANO DE SOUZA - EI / EF;RUA N.S. DAS GRAÇAS, S/N;60535-135;1;3259-3780 / 3488-3244 ;0;1;1;1;0;1;0;544802.63;9584087.53
338;49;23256699;7292;ESCOLA MUNICIPAL MANOEL MALVEIRA MAIA - EI / EF;RUA MANOEL GALDINO, S/N;60540-125;1;3131-1937 / 3452-2305 ;0;1;1;1;0;1;0;542267.72;9580934.43
339;49;23263121;7336;ESCOLA MUNICIPAL MARIA DOLORES PETROLA DE MELO JORGE - EI / EF;RUA PAULINO ROCHA, 1000;60540-576;1;3452-2306;0;1;1;1;0;1;0;541689.55;9581986.39
340;70;23073764;7182;ESCOLA MUNICIPAL MARIA VIVIANE BENEVIDES GOUVEIA - EI / EF;RUA CREUSA ROQUE, 247;60713-330;1;3433-4923;0;1;1;1;1;1;0;546944.31;9579856.24
341;48;23075015;6873;ESCOLA MUNICIPAL MURILO AGUIAR - EI / EF;RUA VINTE E QUATRO DE OUTUBRO S/N;60534-130;1;34522473 / 6751 ;0;1;1;1;0;1;1;544061.27;9584950.12
342;23;23302615;7323;ESCOLA MUNICIPAL NARCISO PESSOA DE ARAÚJO -  EF;AV. GENERAL OSÓRIO DE PAIVA, 6741;60720-001;1;3105-2009 / 3331 ;0;0;0;0;1;1;0;543328.85;9578505.59
343;93;23233877;7100;ESCOLA MUNICIPAL NOELZINDA SÁTIRO SANTIAGO - EI / EF;RUA DOM XISTO ALBANO, 1298;60730-165;1;3105-2008 / 3433-4910 ;0;1;1;1;0;1;0;546136.37;9580468.79
344;23;23184914;7095;ESCOLA MUNICIPAL PADRE ANTÔNIO MONTEIRO DA CRUZ - EI / EF;RUA PEDESTRE XIII, 25, CONJUNTO JARDIM FLUMINENSE;60734-290;1;3433-4912;0;1;1;1;1;1;1;544146.67;9578051.26
345;32;23257725;6823;ESCOLA MUNICIPAL PADRE CÍCERO ROMÃO BATISTA - EI / EF;RUA 114, 460;60763-630;1;3452-5126;0;1;1;1;0;1;0;544985.37;9578678.15
346;30;23072180;7999;ESCOLA MUNICIPAL PADRE JOSÉ ARIMATÉIA DINIZ - EF;RUA 810, S/N ;60532-150;1;-;0;0;0;1;1;1;0;544492.72;9583465.64
347;48;23065125;6814;ESCOLA MUNICIPAL PROFESSOR AMÉRICO BARREIRA - EF;RUA RICARDO PONTE, S/N;60534-020;1;3290-4341 / 3296-5049 ;0;0;0;0;1;1;1;544409.68;9584083.89
348;116;23264187;7370;ESCOLA MUNICIPAL PROFESSOR EDILSON BRASIL SOÁREZ - EI / EF;AV. I, S/N, CONJUNTO TATUMUNDÉ;60544-700;1;3105-2202 / 3131-1947 ;0;1;1;1;0;1;1;542801.93;9579753.17
349;116;23244283;7829;ESCOLA MUNICIPAL PROFESSOR JOSÉ CÍRIO PEREIRA FILHO - EI / EF;RUA QUARTZO ROSA, 100;60732-498;1;-;0;1;1;1;0;1;0;541818.33;9579357.83
350;18;23304812;7316;ESCOLA MUNICIPAL PROFESSOR JOSÉ FERREIRA DE ALENCAR - EF;RUA SÃO FRANCISCO, 557;60543-064;1;3105-2010 / 2015 ;0;0;0;1;0;1;0;544237.26;9580369.14
351;92;23235080;7049;ESCOLA MUNICIPAL PROFESSOR JOSÉ MARIA MOREIRA CAMPOS - EI / EF;RUA FRANCISCO DE ALMEIDA, 525;60762-845;1;3105-1038 / 3433-4908 ;0;1;1;1;1;1;0;545322.7;9577875.14
352;30;23069350;7311;ESCOLA MUNICIPAL PROFESSOR JOSÉ MILITÃO DE ALBUQUERQUE - EF;RUA 1145, Nº 14;60533-470;1;3105-2204 / 2207  ;0;0;0;1;1;1;1;543232.81;9584443.59
353;49;23445645;7391;ESCOLA MUNICIPAL PROFESSORA ANTÔNIA MARIA DE LIMA - EI / EF;RUA SARGENTO JOÃO PINHEIRO, 2601;60540-513;1;3105-3340;0;1;1;1;0;1;0;541644.2;9581001.36
354;49;23073144;7102;ESCOLA MUNICIPAL PROFESSORA LIREDA FACÓ - EI / EF;RUA TRÊS CORAÇÕES, 735;60540-441;1;3105-2025 / 32458529 ;0;0;0;0;1;1;1;543303.31;9581253.89
355;49;23076720;7290;ESCOLA MUNICIPAL RACHEL VIANA MARTINS - EI / EF;RUA TUCUNDUBA, 2703;60540-121;1;3245-7220;0;0;0;1;1;1;0;541659.34;9580744.92
356;49;23256761;7291;ESCOLA MUNICIPAL RAIMUNDO MOREIRA SENA - EI / EF;RUA G, S/N;60456-160;1;3452-2301;0;1;1;1;0;1;0;542888.64;9580351.76
357;50;23257342;7101;ESCOLA MUNICIPAL REITOR ANTÔNIO MARTINS FILHO - EI / EF;RUA TEODORO DE CASTRO, 1175;60541-192;1;3488-3241;0;0;0;1;0;1;0;544248.25;9582057.11
358;18;23256915;7217;ESCOLA MUNICIPAL SANTA ISABEL -  EF;AV. OSCAR ARARIPE, 741;60543-452;1;3131-1930;0;0;0;1;0;1;0;544600.77;9580868.79
359;18;23272724;7348;ESCOLA MUNICIPAL SANTOS DUMONT -  EI / EF;RUA GERALDO BARBOSA, 240;60543-335;1;3105-3365;0;1;1;1;1;1;0;545012.38;9580609.8
360;18;23077468;7331;ESCOLA MUNICIPAL SEBASTIÃO DE ABREU -  EF;RUA GERALDO BARBOSA, 1065;60543-332;1;3245-7131 / 2498  ;0;0;0;0;1;1;0;544190.27;9580810.96
361;116;23257652;7107;ESCOLA MUNICIPAL TOMAZ MUNIZ - EI / EF;RUA DOUTORA VANDA CIDADE, 185 ;60731-785;1;3245-4420;0;0;0;1;0;1;0;543755.39;9579472.91
362;49;23256907;6946;ESCOLA MUNICIPAL ULYSSES GUIMARÃES - EI / EF;RUA TENENTE FRANCISCO PAIVA, 1350;60540-478;1;3131-1931 / 3245-4191 ;0;1;1;1;0;1;0;542672.61;9580648.64
363;49;23065265;6924;ESCOLA MUNICIPAL TEMPO INTEGRAL DOM ANTÔNIO DE ALMEIDA LUSTOSA ;RUA GERALDO BARBOSA, 3901;60540-344;2;3452-2460;0;0;0;0;1;0;0;541430.53;9581666.25
364;30;23069015;7273;ESCOLA MUNICIPAL TEMPO INTEGRAL PROFESSOR ADEMAR NUNES BATISTA ;RUA 1159 , 100;60533-540;2;3105-2215 / 2219 ;0;0;0;0;1;0;0;543076.57;9584101.72
365;50;_;7104;ESCOLA MUNICIPAL PROFESSORA LIREDA FACÓ - UND II ;RUA JOÃO XXIII, 1454 ;60540-664;3;3131-1940;0;0;0;1;0;0;0;543964.54;9581457.61
366;50;_;6815;CEI  REITOR ANTÔNIO MARTINS FILHO;RUA HUMBERTO LOMEU, 1222;60541-112;4;-;1;0;1;0;0;0;0;544145.45;9581967.53
367;50;_;7967;CEI  REITOR ANTÔNIO MARTINS FILHO - UND II;RUA TEODORO DE CASTRO, 1175;60541-192;4;-;0;1;1;0;0;0;0;544248.47;9582019.7
368;116;_;7187;CEI CHICO ANYSIO;RUA ALVES BEZERRA, 739;60732-000;4;3452-2469;1;1;1;0;0;0;0;543082.6;9579466.88
369;49;_;7236;CEI DOM ANTÔNIO DE ALMEIDA LUSTOSA;RUA GERALDO BARBOSA, 3923;60540-344;4;3452-2304;1;1;1;0;0;0;0;541377.16;9581694.71
370;23;_;7092;CEI FLORIVAL ALVES SERAINE;RUA JOSÉ ASSIS DE OLIVEIRA, 1324;60731-452;4;3131-1938;1;1;1;0;0;0;0;544099.36;9579196.79
371;31;_;7343;CEI FRANCISCO EDMILSON PINHEIRO;AV. J, SN;60533-682;4;3452-2422;1;0;1;0;0;0;0;542347.4;9583199.9
372;49;_;7973;CEI FRANCISCO EDMILSON PINHEIRO - UND II;AV. H, 2115;60533-667;4;-;0;1;1;0;0;0;0;542461.73;9582482.2
373;116;_;8119;CEI FRANCISCO NOGUEIRA DA SILVA ;RUA P, S/N - LOTEAMENTO VERDE;60732-449;4;;1;1;1;0;0;0;0;0;0
374;49;_;7030;CEI JOÃO MENDES DE ANDRADE;RUA DESCARTES BRAGA, 4222;60540-096;4;3488-3391;1;1;1;0;0;0;0;541078.63;9581159.95
375;116;_;7272;CEI JOAQUIM ALVES;RUA PEDRO GOMES, 45;60732-730;4;3131-1943;1;1;1;0;0;0;0;542003.44;9577373.35
376;23;_;7896;CEI JORNALISTA DEMÓCRITO DUMMAR;RUA JOSÉ DANTAS PEREIRA, 336;60734-670;4;-;1;1;1;0;0;0;0;543476.47;9577533.2
377;49;_;7091;CEI MANOEL MALVEIRA MAIA;RUA XAVIER DA SILVEIRA, S/N;60540-210;4;-;1;0;1;0;0;0;0;542285.36;9580982.36
378;49;_;7267;CEI MARIA DOLORES PETROLA DE MELO JORGE;RUA PAULINO ROCHA, 1000;60540-576;4;3105-3366;0;1;1;0;0;0;0;541716.7;9582003.21
379;49;_;7434;CEI MARIA DOLORES PETROLA DE MELO JORGE - UND II;RUA SARGENTO BARBOSA, S/N;60545-191;4;-;1;1;1;0;0;0;0;542245.91;9581850.87
380;48;_;7589;CEI MURILO AGUIAR ;RUA VINTE E QUATRO DE OUTUBRO, 1063 ;60534-130;4;3489-6463;1;1;1;0;0;0;0;544035.9;9584825.68
381;32;_;7130;CEI PADRE ANTÔNIO MONTEIRO DA CRUZ;RUA E, 187, CONJUNTO IMPERIAL;60763-664;4;-;1;1;1;0;0;0;0;544858.31;9578460.47
382;32;_;7039;CEI PADRE CÍCERO ROMÃO BATISTA;RUA 106, 377;60763-550;4;3131-6225;1;1;1;0;0;0;0;545363.9;9578402.75
383;116;_;7341;CEI PROFESSOR JOSÉ CÍRIO PEREIRA FILHO;RUA RUBI, S/N;60732-498;4;-;1;1;1;0;0;0;0;541869.11;9579316.73
384;49;_;7504;CEI PROFESSORA LIREDA FACÓ;RUA TRÊS CORAÇÕES, 735;60540-441;4;-;0;1;1;0;0;0;0;543337.86;9581277.33
385;49;_;7021;CEI RACHEL VIANA MARTINS;RUA TUCUNDUBA, 2703;60540-121;4;3452-2307;1;1;1;0;0;0;0;541600.11;9580750.21
386;49;_;7025;CEI RAIMUNDO MOREIRA SENA ;RUA A, S/N     ;60546-100;4;3488-3390;1;0;1;0;0;0;0;542856.44;9580381.15
387;23;_;7477;CEI ZILDA ARNS NEUMANN;RUA DE PEDESTRE XIII, 25 , CONJUNTO JARDIM FLUMINENSE;60734-290;4;-;1;1;1;0;0;0;0;544122.74;9578026.37
388;90;_;7259;CRECHE CORAÇÃO DE MARIA ;RUA SÃO BASÍLIO, 979 ;60762-765;5;-;1;0;1;0;0;0;0;544352.17;9577904.77
389;116;_;7907;CRECHE CRIANÇA ESPERANÇA ;RUA DIVINA, S/N;60736-120;5;-;1;0;1;0;0;0;0;543651.55;9579043.33
390;50;_;7903;CRECHE DONA EULÁLIA UCHOA ALVES;RUA CORONEL FABRICIANO, 1150;60540-834;5;-;1;0;1;0;0;0;0;544169.23;9581717.77
391;49;_;8135;CRECHE ESPAÇO DA CRIANÇA;RUA BOM JESUS, 2695;60540-255;5;;1;0;1;0;0;0;0;0;0
392;18;_;7899;CRECHE HOTELZINHO ESPAÇO DA CRIANÇA;RUA NOVA CONQUISTA, 406;60543-355;5;-;1;0;1;0;0;0;0;544619.57;9580362.88
393;50;_;8131;CRECHE IRMÃ LUIZA MENDES;AV. I , 897;60533-675;5;;0;0;0;0;0;0;0;0;0
394;31;_;6909;CRECHE IRMÃOS FIRMO ;RUA 1096, 15A;60533-230;5;-;1;0;1;0;0;0;0;542505.22;9582994.59
395;18;_;8024;CRECHE JARDIM DA CRIANÇA;RUA URUCUTUBA, 1156;60543-315;5;-;1;0;1;0;0;0;0;543859.91;9580306.38
396;93;_;6915;CRECHE JOSÉ ORDÉLIO MENDES;RUA COSTA FREIRE, 2472;60730-255;5;-;1;0;1;0;0;0;0;545401.52;9580027.81
397;23;_;7897;CRECHE MARIA PEQUENA;RUA PARANAGUÁ, 255;60734-155;5;-;1;0;1;0;0;0;0;544631.75;9578851.73
398;50;_;8132;CRECHE MONTE SIÃO;RUA JOSÉ ABILIO, 976 ;60541-052;5;;1;0;1;0;0;0;0;0;0
399;30;_;7433;CRECHE NOSSA SENHORA DE FÁTIMA ;RUA 1163, 10;60533-560;5;-;1;0;1;0;0;0;0;543071.48;9584024.61
400;116;_;8025;CRECHE NOVO AMANHECER II;RUA MARCELO SANTA FÉ, 927;60731-744;5;-;1;0;1;0;0;0;0;543542.13;9579803.13
401;116;_;7906;CRECHE NOVO MUNDO PIONEIRO;RUA 02, S/N;60732-832;5;-;1;0;1;0;0;0;0;541239.77;9579731.6
402;93;_;7146;CRECHE SANTO ANTÔNIO ;RUA JOÃO RAMALHO, 475;60730-290;5;-;1;0;1;0;0;0;0;545412.63;9580148.45
403;48;_;7261;CRECHE SEMENTE DA LIBERDADE ;RUA MESTRE ANDRÉ, 155  ;60534-440;5;-;1;0;1;0;0;0;0;544350.11;9585499.72
404;92;_;7900;CRECHE SOMOS FELIZES;RUA PROFESSOR CABRAL, 888;60762-775;5;-;1;0;1;0;0;0;0;544796.27;9577613.96
405;18;_;8130;CRECHE VIDA NOVA;RUA VALDEMAR PAES, 1208 ;60545-265;5;;1;0;1;0;0;0;0;0;0
406;87;23186909;6817;ESCOLA MUNICIPAL ABDENAGO DA ROCHA LIMA - EI / EF;RUA 114, Nº 75, CONJUNTO TUPÃ MIRIM;60744-530;1;3488-3394;0;1;1;1;0;1;0;550563.3;9579774.12
407;96;23256850;6853;ESCOLA MUNICIPAL ANDRÉ LUIZ - EI / EF;AV. PRESIDENTE COSTA E SILVA, 5255;60862-515;1;3469-1567;0;1;1;1;0;1;0;551803.79;9576932.88
408;74;23065192;7216;ESCOLA MUNICIPAL ANGÉLICA GURGEL - EF;RUA DOUTOR PERGENTINO MAIA, 375;60840-045;1;3488-3304;0;0;0;0;1;1;1;556392.93;9576573.95
409;7;23065834;6938;ESCOLA MUNICIPAL BÁRBARA DE ALENCAR -  EF;RUA CAPITÃO PORFÍRIO, 544;60873-135;1;3433-5280;0;0;0;0;1;1;1;555408.89;9574052.78
410;33;23250623;7364;ESCOLA MUNICIPAL CÉSAR CALS DE OLIVEIRA NETO - EI / EF;RUA OLÍMPIO RIBEIRO, 20;60870-340;1;3250-8708 / 3488-3303  ;0;0;0;1;0;1;0;552927.58;9574844.17
411;97;23070137;6969;ESCOLA MUNICIPAL CÔNEGO FRANCISCO PEREIRA DA SILVA - EI / EF;RUA LUIZ FRANCISCO XAVIER, 256;60872-508;1;-;0;1;1;1;1;1;0;556984.17;9575330.93
412;96;23272694;7320;ESCOLA MUNICIPAL DELMA HERMÍNIA DA SILVA PEREIRA -  EF;AV. PRESIDENTE COSTA E SILVA, 5606;60750-022;1;3105-3078;0;0;0;0;1;1;0;552111.47;9576838.84
413;7;23067829;7154;ESCOLA MUNICIPAL DEMÓCRITO ROCHA -  EF;RUA PADRE PEDRO DE ALENCAR, 2012;60873-082;1;3488-3207;0;0;0;1;1;1;1;556050.24;9574929.11
414;98;23069953;7062;ESCOLA MUNICIPAL FRANCISCA ORIÁ SERPA - EF;RUA JORGE FIGUEIREDO, 3652;60874-765;1;3433-5288;0;0;0;0;1;1;1;552133.75;9571138.73
415;96;23250550;7219;ESCOLA MUNICIPAL FRANCISCO ANDRADE TEÓFILO GIRÃO - EI / EF;RUA UNIDOS VENCEREMOS, 2040;60860-096;1;3433-2899;0;1;1;1;1;1;0;553024.99;9578033.52
416;97;23070846;7041;ESCOLA MUNICIPAL GUIOMAR DA SILVA ALMEIDA - EF;RUA PEROLINA DE MORAIS, 449;60873-810;1;3433-5281;0;0;0;0;1;1;1;556158.63;9572515.49
417;96;23233702;7105;ESCOLA MUNICIPAL IMACULADA CONCEIÇAO - EI / EF;RUA 01, 10, CONJUNTO JARDIM CASTELÃO;60862-120;1;3469-9234;0;1;1;1;0;1;0;551819.32;9577534.98
418;87;23324252;7381;ESCOLA MUNICIPAL INFANTE ROSALINA RODRIGUES - EI / EF;AV. 02, 700, COMUNIDADE DA ROSALINA;60745-510;1;-;0;0;0;1;0;1;0;550072.25;9579214.37
419;68;23235128;7340;ESCOLA MUNICIPAL ISABEL FERREIRA - EI / EF;RUA ISABEL FERREIRA,1000;60831-525;1;3488-3324;1;1;1;1;0;1;0;559174.97;9576707.29
420;33;23071796;6865;ESCOLA MUNICIPAL JOÃO GERMANO DA PONTE NETO - EI / EF;RUA MAÍZA, 549;60870-250;1;3269-0301;0;1;1;1;0;1;0;552426.75;9574604.6
421;28;23546018;7060;ESCOLA MUNICIPAL JOÃO NOGUEIRA JUCÁ - EI / EF;RUA B, 10, LOTEAMENTO ESPLANADA MESSEJANA;60872-110;1;3105-1603;0;1;1;1;0;1;0;558146.18;9574717.73
422;51;23235373;7072;ESCOLA MUNICIPAL JOÃO SARAIVA LEÃO - EI / EF;AV. PROFESSOR JOSÉ ARTHUR DE CARVALHO, 50;60831-370;1;3131-7707;0;0;0;1;1;1;1;558010.7;9577069.83
423;57;23324260;7380;ESCOLA MUNICIPAL JORNALISTA JOSÉ BLANCHARD GIRÃO DA SILVA - EI / EF;RUA IRACEMA, 1110;60870-020;1;3433-7420;0;1;1;1;0;1;0;554734.35;9575022.14
424;97;23250429;7155;ESCOLA MUNICIPAL JOSÉ BARROS DE ALENCAR - EI / EF;RUA GARDÊNIA, S/N, PARQUE MAMOEIRO;60872-675;1;3488-3315;0;1;1;1;0;1;0;556548.99;9575689.16
425;7;23186771;7333;ESCOLA MUNICIPAL JOSÉ MOREIRA LEITÃO - EI / EF;RUA CORONEL HONORINA MAIA, 467;60873-000;1;3433-5282 ;0;0;0;1;0;1;0;555278.25;9574285.21
426;74;23078693;7093;ESCOLA MUNICIPAL JOSEFA BARROS DE ALENCAR - EI / EF;RUA DOUTOR JOAQUIM BENTO, 590;60840-200;1;3488-3307;0;1;1;1;0;1;0;557019.9;9576796.55
427;7;23244291;7859;ESCOLA MUNICIPAL MANOELITO GUIMARÃES DOMINGUES - EI / EF;RUA HERIBERTO ONOFRE, S/N;60874-100;1;-;0;1;1;1;0;1;0;554850.57;9573149.98
428;87;23184558;7096;ESCOLA MUNICIPAL MANUEL LIMA SOARES - EI / EF;RUA 130, 60, CONJUNTO TUPÃ MIRIM;60744-640;1;3488-3393;0;0;0;0;1;1;1;550392.33;9580049.1
429;57;23073535;6968;ESCOLA MUNICIPAL MARIA DE JESUS ORIÁ ALENCAR - EI / EF;RUA 43, S/N, CONJUNTO SÃO JOÃO;60876-660;1;3433-5283;0;1;1;1;0;1;0;554186.32;9574168.73
430;33;23073667;7063;ESCOLA MUNICIPAL MARIA HELENILCE CAVALCANTE LEITE MARTINS - EI / EF;RUA MAÍZA, S/N;60870-250;1;3452-3877 / 3488-3294 ;0;0;0;1;1;1;1;552744.21;9574322.52
431;33;23074078;6967;ESCOLA MUNICIPAL MARIETA CALS - EI / EF;AV. VALPARAISO, 160;60870-440;1;3488-3295;0;0;0;0;1;1;1;552901.14;9574945.5
432;57;23074124;7054;ESCOLA MUNICIPAL MARTHA DOS MARTINS COELHO GUILHERME - EI / EF;RUA 313, 243, CONJUNTO SÃO CRISTÓVÃO;60866-370;1;3105-1611 / 3488-3299 ;0;1;1;1;1;1;0;552927.24;9575646.95
433;68;23078677;7098;ESCOLA MUNICIPAL MOREIRA DA ROCHA - EF;AV. ODILON GUIMARÃES, 3860;60831-295;1;3488-3208;0;0;0;1;0;1;1;559254.69;9578366.34
434;13;23078723;6937;ESCOLA MUNICIPAL OTÁVIO DE FARIAS - EF;RUA JOÃO FERREIRA, S/N;60862-650;1;3452-1831 / 3488-3308 /5721;0;0;0;1;0;1;1;554387.56;9578305.65
435;68;23074582;7218;ESCOLA MUNICIPAL PARQUE SÃO MIGUEL - EI / EF;RUA LOURDES VIDAL ALVES, 444;60831-160;1;3488-3309;0;0;0;1;0;1;0;558554.45;9577571.1
436;96;23546999;7128;ESCOLA MUNICIPAL PAULO SÉRGIO DE SOUSA LIRA - EI / EF;RUA ITABORAÍ, 264;60861-830;1;3469-9311;0;1;1;1;0;1;1;553483.39;9578565.1
437;97;23065206;6877;ESCOLA MUNICIPAL PROFESSOR ANÍSIO TEIXEIRA - EI / EF;TR. GUARANI, 355;60873-530;1;3433-5295;0;1;1;1;0;1;0;556297.21;9573469.15
438;74;23263075;7150;ESCOLA MUNICIPAL PROFESSOR CLODOMIR TEÓFILO GIRÃO - EI / EF;TR. RÚTILO, 108;60841-645;1;3452-6779 / 3472-4119 ;0;1;1;1;0;1;1;556687.12;9577646.87
439;57;23070013;6972;ESCOLA MUNICIPAL PROFESSOR FRANCISCO DE MELO JABORANDI - EI / EF;AV. GOVERNADOR LEONEL BRIZOLA, 198;60866-190;1;3452-6763 / 3488-3297 ;0;1;1;1;0;1;0;553414.63;9576481.47
440;33;23256605;6834;ESCOLA MUNICIPAL PROFESSORA BERNADETE ORIÁ DE OLIVEIRA - EI / EF;RUA DOUTOR CODES SANDOVAL, 796;60870-090;1;3452-2450;0;1;1;1;0;1;0;552434.58;9575611.29
441;68;23070188;7183;ESCOLA MUNICIPAL PROFESSORA FERNANDA MARIA DE ALENCAR COLARES - EI / EF;AV. ARTUR DE CARVALHO, 1540;60831-370;1;3488-3209;0;0;0;1;1;1;1;560801.13;9577749.61
442;13;23324279;7385;ESCOLA MUNICIPAL PROFESSORA MARIA ANTONÉZIA MEIRELES E SÁ - EI / EF;RUA CORONEL VIRGÍLIO TÁVORA, 1340;60862-715;1;3474-3867;0;0;0;1;1;1;0;554782.14;9577845.73
443;33;23256460;6855;ESCOLA MUNICIPAL PROFESSORA MARIA DO SOCORRO FERREIRA VIRINO -  EI / EF;RUA MODESTA, 44;60870-140;1;3105-1601;0;0;0;1;0;1;0;552935.47;9574904.28
444;67;23255919;6828;ESCOLA MUNICIPAL PROFESSORA MARIA EVAN DO CARMO - EI / EF;RUA MATEUS ALMEIDA, 71;60830-455;1;3488-3327;0;1;1;1;0;1;0;558074.85;9578184.95
445;87;23325224;7384;ESCOLA MUNICIPAL PROFESSORA MARIA JOSÉ MACÁRIO COELHO - EF;RUA BANABUIÚ, S/N;60861-431;1;3105-3057 / 3085 ;0;0;0;1;1;1;0;550749.89;9577724.34
446;13;23256540;7288;ESCOLA MUNICIPAL PROFESSORA OLINDINA CARVALHO DE MORAIS - EI / EF;RUA 05, Nº 581, CONJUNTO JOÃO PAULO II;60863-800;1;3452-4793;0;1;1;1;0;1;0;553271.37;9577303.13
447;74;23323469;7222;ESCOLA MUNICIPAL PROFESSORA RAIMUNDA FÉLIX DE ALCÂNTARA -  EF;AV. MEM DE SÁ, 384;60841-130;1;3452-6185;0;0;0;0;1;1;0;557112.32;9577135.4
448;68;23078006;7042;ESCOLA MUNICIPAL PROFESSORA TEREZINHA FERREIRA PARENTE - EI / EF;RUA NELSON COELHO, 209;60831-410;1;3488-3281;0;0;0;0;1;1;1;559498.19;9577004.14
449;87;23078448;6996;ESCOLA MUNICIPAL PROFESSORA VICENTINA CAMPOS MARINHO LOPES - EF;AV. HERÓIS DO ACRE, S/N;60743-760;1;3488-3396;0;0;0;0;1;1;0;550244.87;9580159.13
450;96;23250666;7133;ESCOLA MUNICIPAL RAIMUNDO DE MOURA MATOS - EI / EF;AV. DOIS DE MAIO, 1300;60867-105;1;3296-4491;0;1;1;1;1;1;1;551336.9;9578443.62
451;87;23242710;7112;ESCOLA MUNICIPAL SANTA TEREZINHA - EI / EF;RUA AFONSO LOPES, 1095;60743-218;1;3488-3395;0;1;1;1;0;1;0;550022.27;9580255.71
452;13;23233800;7071;ESCOLA MUNICIPAL SINÓ PINHEIRO - EF;RUA 14, 151, CONJUNTO JOÃO PAULO II;60863-770;1;3269-1819;0;0;0;1;0;1;1;553364.44;9577280.25
453;57;23077794;7057;ESCOLA MUNICIPAL TAÍS MARIA BEZERRA NOGUEIRA - EF;AV. GOVERNADOR LEONEL BRIZOLA, 710;60866-190;1;3488-3298;0;0;0;0;1;1;1;552849.92;9576500.55
454;98;23078162;7070;ESCOLA MUNICIPAL TRISTÃO DE ALENCAR - EI / EF;RUA JOSÉ NOGUEIRA, 69;60874-670;1;3433-5290;0;1;1;1;0;1;0;554497.11;9570126.87
455;57;23072229;7069;ESCOLA MUNICIPAL VEREADOR JOSÉ BARROS DE ALENCAR - EF;RUA B, 48, CONJUNTO SANTO DIAS;60870-588;1;3433-5284;0;0;0;0;1;1;1;554964.91;9574884.16
456;67;23272708;7321;ESCOLA MUNICIPAL TEMPO INTEGRAL JOSÉ CARVALHO ;RUA CLODOALDO ARRUDA, 1300;60830-295;2;3452-1810 / 1818  ;0;0;0;0;1;0;0;558164.66;9578001.51
457;57;23065346;7059;ESCOLA MUNICIPAL TEMPO INTEGRAL PROFESSOR ANTÔNIO GIRÃO BARROSO ;RUA 37,S/N, CONJUNTO SÃO JOÃO;60876-601;2;3488-3296;0;0;0;0;1;0;0;553250.36;9574617.29
458;57;_;7085;ESCOLA MUNICIPAL FRANCISCO DE MELO JABORANDI - UND II ;RUA DOMINGOS ALVES RIBEIRO, 141 ;60865-050;3;3474-3906 / 3269-3660;0;1;1;1;0;0;0;553976.73;9575704.92
459;13;_;7345;ESCOLA MUNICIPAL SINÓ PINHEIRO - UND II ;RUA 9 , 279;60863-660;3;3105-1608;0;0;0;1;0;0;0;553658.21;9577033.93
460;33;_;6970;CEI CÉSAR CALS DE OLIVEIRA NETO ;RUA CAMPINENSE, 54;60870-350;4;-;0;1;1;0;0;0;0;552971.21;9574814.95
461;111;_;7034;CEI CÔNEGO FRANCISCO PEREIRA DA SILVA;RUA MARIA DE LOURDES LIMA, 60;60872-504;4;3472-4616;1;1;1;0;0;0;0;557582.58;9574700.17
462;96;_;7035;CEI FRANCISCO ANDRADE TEÓFILO GIRÃO;RUA DOM ANTÔNIO LUSTOSA, 191;60862-070;4;3487-8667;1;1;1;0;0;0;0;552885.32;9578352.77
463;57;_;8098;CEI HUMBERTO TEIXEIRA;RUA 02, S/N;60870-844;4;;1;1;1;0;0;0;0;553871.45;9575280.61
464;87;_;7895;CEI INFANTE ROSALINA RODRIGUES;AV II , 800;60745-510;4;-;1;1;1;0;0;0;0;550120.82;9579193.69
465;51;_;7275;CEI JOÃO SARAIVA LEÃO ;RUA ANTÔNIO CANDEIA, 89;60843-230;4;-;0;1;1;0;0;0;0;557695.41;9576524.12
466;57;_;7383;CEI JORNALISTA JOSÉ BLANCHARD GIRÃO DA SILVA;RUA IRACEMA, 1110;60870-020;4;3433-7421;1;1;1;0;0;0;0;554774.62;9575069.27
467;7;_;7033;CEI JOSÉ MOREIRA LEITÃO;RUA CORONEL HONORINA MAIA, 467;60873-000;4;3275-6193;1;0;1;0;0;0;0;555222.95;9574246.26
468;7;_;6993;CEI JOSÉ MOREIRA LEITÃO - UND II ;RUA JORGE DA VEIGA, 275 ;60873-205;4;3433-5906;1;1;1;0;0;0;0;555549.19;9573417.51
469;87;_;7239;CEI MANUEL LIMA SOARES;RUA 130, 60, CONJUNTO TUPÃ MIRIM;60744-640;4;3493-4734;1;0;1;0;0;0;0;550301.56;9580044.53
470;96;_;7038;CEI MARIA DAS DORES DE SOUSA;RUA MARIA MIRTES PEREIRA, 1005;60867-060;4;3232-8987;0;1;1;0;0;0;0;551284.21;9578505.11
471;57;_;7910;CEI MARIA DE JESUS ORIÁ ALENCAR;RUA MULHERES DE AREIA, 61;60877-340;4;-;1;1;1;0;0;0;0;553618.2;9573569.29
472;33;_;7037;CEI MARIA HELENILCE CAVALCANTE LEITE MARTINS;RUA MAÍZA, 81;60870-250;4;-;1;0;1;0;0;0;0;552791.85;9574287.27
473;21;_;7414;CEI NOSSA SENHORA DE GUADALUPE;RUA LÚCIA HELENA DO NASCIMENTO, 207;60864-685;4;3276-8707;1;1;1;0;0;0;0;555133.57;9578299.32
474;68;_;7864;CEI PARQUE SÃO MIGUEL;RUA SILVEIRA DA MOTA, 105;60864-530;4;-;1;1;1;0;0;0;0;558700.3;9577475.31
475;97;_;7032;CEI PROFESSOR ANÍSIO TEIXEIRA;TR. GUARANI, 355;60873-530;4;3275-6179;1;1;1;0;0;0;0;556230.98;9573440.28
476;57;_;7036;CEI PROFESSOR FRANCISCO DE MELO JABORANDI;AV. GOVERNADOR LEONEL BRIZOLA, 198 A;60866-190;4;3256-5432;1;0;1;0;0;0;0;553495.93;9576460.59
477;33;_;7382;CEI PROFESSORA BERNADETE ORIÁ DE OLIVEIRA;RUA JOSÉ LINHARES, 903;60870-040;4;3485-2450;1;0;1;0;0;0;0;552459.43;9575650.86
478;68;_;7031;CEI PROFESSORA FERNANDA MARIA ALENCAR COLARES;RUA RAQUEL FLORÊNCIO, 351;60832-140;4;3105-1755;1;1;1;0;0;0;0;560259.3;9576967.6
479;33;_;7068;CEI PROFESSORA MARIA DO SOCORRO FERREIRA VIRINO;AV. VALPARAISO, 339;60870-440;4;3269-2869 / 3452-4796 ;1;1;1;0;0;0;0;552877.83;9574872.82
480;68;_;7251;CEI PROFESSORA TEREZINHA FERREIRA PARENTE;RUA NELSON COELHO, 209  ;60831-410;4;3452-1982;1;0;1;0;0;0;0;559533.74;9576969.11
481;96;_;7296;CRECHE ANDRÉ LUIZ;AV. PRESIDENTE COSTA E SILVA, 5255;60862-515;5;3105-3097;1;0;1;0;0;0;0;551800.17;9576893.65
482;7;_;8019;CRECHE ARCA DOS SONHOS;RUA FLORESTA, 180;60874-160;5;-;1;0;1;0;0;0;0;554951.9;9573202.18
483;57;_;8022;CRECHE FORÇA MAIOR;RUA LUCIANO ALVES, 2971;60862-329;5;-;1;0;1;0;0;0;0;554483.31;9574994.23
484;96;_;7441;CRECHE INÊS BRASIL ;RUA MENOR JERÔNIMO, 105;60868-714;5;-;1;0;1;0;0;0;0;551398.39;9578590.99
485;51;_;7439;CRECHE NOVA ESPERANÇA ;RUA B, 611;60843-165;5;-;1;0;1;0;0;0;0;557871.71;9576350.87
486;96;_;7932;CRECHE NOVO AMANHECER;RUA CHICO MENDES, 110;60862-330;5;-;1;0;1;0;0;0;0;552412.25;9578407.48
487;28;_;7856;CRECHE PÔR DO SOL;RUA ZUMBI, 430;60872-405;5;-;1;0;1;0;0;0;0;558409.54;9574470.13
488;96;_;7443;CRECHE REGINA DE FÁTIMA ;RUA REGINA DE FÁTIMA, 3120;60862-460;5;-;1;0;1;0;0;0;0;552580.51;9578587.76
489;98;_;8127;CRECHE SANTA LUZIA;RUA ANTONIO CONRADO, 454 ;60874-550;5;;1;0;1;0;0;0;0;0;0
490;97;_;7440;CRECHE UNIÃO DA PAUPINA ;RUA LUIZ FRANCISCO XAVIER, 1113;60872-508;5;-;1;0;1;0;0;0;0;556878.59;9574451.69
